Date,Close,CloseUSD,Returns10d,Returns01d,Turnover
2008-09-15,1.0612069368362427,0.3438778149177715,-0.18620700688182423,-0.0852713154398097,1149708.530695972
2008-09-16,1.0702003240585327,0.34583949719131774,-0.22222226072730067,0.00847467813309044,1542925.7046501073
2008-09-17,1.0072473287582397,0.3244475209400031,-0.2631578993266531,-0.0588235621734402,890176.06817476
2008-09-18,1.0881868600845337,0.3489344129046796,-0.1655172886636389,0.08035715659437703,1449644.2202492598
2008-09-19,1.2950323820114136,0.4157407325879337,0.006993090612905428,0.19008272339441,2199805.388209395
2008-09-20,,,,,
2008-09-21,,,,,
2008-09-22,1.348991870880127,0.4352990870861978,0.05633815175614143,0.0416665170834607,2939653.2858421844
2008-09-23,1.3759719133377075,0.444019462821552,0.14179115919932395,0.020000151994969295,1846699.195986836
2008-09-24,1.3849650621414185,0.44589989122389523,0.14925373724899726,0.006535852015973287,548706.5807631327
2008-09-25,1.4029515981674194,0.45063167641005347,0.17293230609828947,0.012986996219377822,881546.1894030828
2008-09-26,1.42093825340271,0.45602819519327004,0.22480633537065375,0.01282058145041165,223867.6857355263
2008-09-27,,,,,
2008-09-28,,,,,
2008-09-29,1.3130189180374146,0.4210418207591517,0.23728829171800792,-0.07594934903530237,1140116.1277682227
2008-09-30,1.3669785261154175,0.4361630216379239,0.2773108878638808,0.04109583444437881,834509.6814272678
2008-10-01,1.4029515981674194,0.4475838564898451,0.3928571048155709,0.02631575505010142,672803.1494387989
2008-10-02,1.3759719133377075,0.4377614893540683,0.26446290045334475,-0.019230659749740253,682245.323128046
2008-10-03,1.3220120668411255,0.41809363277707956,0.020833212516128574,-0.039215805187252095,488947.64598309435
2008-10-04,,,,,
2008-10-05,,,,,
2008-10-06,1.2410722970962524,0.388199029432672,-0.08000016613403627,-0.06122468302295769,961911.8139850107
2008-10-07,1.1601330041885376,0.36085007906330874,-0.15686287420330225,-0.06521722634296911,444769.0198450024
2008-10-08,1.0881868600845337,0.33773645564386523,-0.21428569584131563,-0.06201542740724553,931616.3328801065
2008-10-09,1.0432204008102417,0.32282853189238486,-0.25641026948261814,-0.041322369276540316,691058.1973173027
2008-10-10,1.0252337455749512,0.3180498667829847,-0.2784811422172415,-0.017241471908832295,1902571.6076127647
2008-10-11,,,,,
2008-10-12,,,,,
2008-10-13,,,,,
2008-10-14,1.1241599321365356,0.35195990361193974,-0.17763160820741386,,2276508.219346093
2008-10-15,0.9892607927322388,0.3093470067019728,-0.29487175892280026,-0.11999995334108082,867804.2259346194
2008-10-16,0.9982541799545288,0.31146776285632727,-0.27450976994649945,0.00909101754396957,500548.1965042047
2008-10-17,0.9892607927322388,0.30798903883320006,-0.2517006330388326,-0.009009115516751098,522393.46643844043
2008-10-18,,,,,
2008-10-19,,,,,
2008-10-20,0.8408717513084412,0.2610187028739535,-0.3224635234580322,-0.14999992167278964,883020.499753353
2008-10-21,0.7284555435180664,0.22629870876609706,-0.372093078217709,-0.1336900753479341,1470289.3423570164
2008-10-22,0.7374489307403564,0.22875145193261254,-0.32231406407253516,0.012345828516667767,2375678.85515963
2008-10-23,0.7059723734855652,0.21765758393265458,-0.32327591280111556,-0.042683033282305494,3987477.3888285835
2008-10-24,0.6115430593490601,0.18651998028153233,-0.4035086515747619,-0.1337578036804522,909919.1228421985
2008-10-25,,,,,
2008-10-26,,,,,
2008-10-27,,,,,
2008-10-28,0.5800665020942688,0.17222877140566176,-0.4840000203602557,0.023809386045815728,984932.8351343211
2008-10-29,0.584563136100769,0.1736876444321277,-0.40909096934260936,0.007751928425905774,1721504.3532393184
2008-10-30,0.6205361485481262,0.1832923197601909,-0.37837861237266035,0.061538284277228295,623981.6878535845
2008-10-31,0.6205361485481262,0.1832381953486273,-0.3727274414320335,0.0,621226.6751378257
2008-11-01,,,,,
2008-11-02,,,,,
2008-11-03,0.694281280040741,0.20507496087453583,-0.17433154466135603,0.1188409920439879,939349.1029624497
2008-11-04,0.7194624543190002,0.21752455157037046,-0.012345419400110802,0.0362694127037122,733126.0824338921
2008-11-05,0.7464421391487122,0.22614661712627995,0.012195025354944988,0.037499781493461226,981919.7129194448
2008-11-06,,,,,
2008-11-07,0.7014757990837097,0.21228537679569962,0.14705872033013678,,718817.768856635
2008-11-08,,,,,
2008-11-09,,,,,
2008-11-10,0.6960799098014832,0.21051864805730627,0.2285714526174576,-0.007692195923615364,574065.6332368186
2008-11-11,0.6744959354400635,0.2044980551920879,0.16279070245371385,-0.031007897308191645,807096.8854644235
2008-11-12,0.6475161910057068,0.19602694084696864,0.10769248181617397,-0.039999862144097564,157166.4466419678
2008-11-13,0.6475161910057068,0.1958016906579095,0.04347859914479768,0.0,288694.181307639
2008-11-14,0.6430194973945618,0.1942070363619939,0.036232133936177746,-0.006944526906981108,363187.72678509954
2008-11-15,,,,,
2008-11-16,,,,,
2008-11-17,0.6115430593490601,0.18454434768213532,-0.11917103783473137,-0.048950985425854854,331140.9011989211
2008-11-18,0.5755698680877686,0.17332787306524786,-0.20000013255372961,-0.05882364407762586,320640.3009340898
2008-11-19,0.5575833320617676,0.16766902181980683,-0.2530119846962694,-0.03124996116589307,244074.59774150516
2008-11-20,,,,,
2008-11-21,0.5216102004051208,0.15652219066920356,-0.25641026948261814,0.0,218111.80563855436
2008-11-22,,,,,
2008-11-23,,,,,
2008-11-24,0.5261068940162659,0.15772954400127892,-0.2441860674210412,0.008620793089653134,453482.1450911683
2008-11-25,0.5144156217575073,0.15409508485082446,-0.23733325179804743,-0.022222237328061056,761491.1664602696
2008-11-26,0.5395969152450562,0.16122289738117546,-0.1666665285898612,0.04895126124186633,694497.3365845339
2008-11-27,0.5791671872138977,0.17279803896944765,-0.10555566755118673,0.07333302109570217,461320.7286419539
2008-11-28,0.6259322762489319,0.18554387913114923,-0.02657341062730645,0.0807454048976759,509694.47924366855
2008-11-29,,,,,
2008-11-30,,,,,
2008-12-01,0.5665766596794128,0.16750233841224327,-0.07352940889805937,-0.09482753777329334,691975.2106133124
2008-12-02,0.5665766596794128,0.16688561404400967,-0.01562487702532811,0.0,532811.9061305858
2008-12-03,0.5890597701072693,0.1728309626814744,0.0564515404883279,0.03968238021061099,456819.5082284722
2008-12-04,0.6070464253425598,0.1764464670801534,0.16379324037582643,0.03053451644137084,500436.5547548136
2008-12-05,0.6079457998275757,0.17517527728787657,0.16551746755604135,0.0014815579953515456,574768.4113098301
2008-12-06,,,,,
2008-12-07,,,,,
2008-12-08,,,,,
2008-12-09,0.6313283443450928,0.18398028394145208,0.22727288527543488,,583979.7575052904
2008-12-10,0.634026288986206,0.1856429271180295,0.17499983983093226,0.004273441332516059,830596.028416122
2008-12-11,0.6475161910057068,0.18997101100358127,0.11801256234940416,0.021276565741573217,372742.8865437613
2008-12-12,0.6960799098014832,0.20338346524513753,0.11206904678718588,0.07500000690384034,1066515.5051877948
2008-12-13,,,,,
2008-12-14,,,,,
2008-12-15,0.7059723734855652,0.20627388560571666,0.24603151475570284,0.014211678206462297,590436.0776118053
2008-12-16,0.7347509264945984,0.21613499823344562,0.2968252644052509,0.04076441811305753,926601.946376001
2008-12-17,0.7374489307403564,0.21675649013589923,0.2519084958153994,0.00367199842622834,553683.498811608
2008-12-18,0.710469126701355,0.2086669192614412,0.17037033254982625,-0.03658531854119751,636191.1983452713
2008-12-19,0.7437441945075989,0.2177683349947586,0.22337253537821633,0.04683534661208588,562927.3271495727
2008-12-20,,,,,
2008-12-21,,,,,
2008-12-22,,,,,
2008-12-23,0.7059723734855652,0.20564298674208134,0.1182332930385126,-0.017522061321781468,164509.37278608728
2008-12-24,,,,,
2008-12-25,,,,,
2008-12-26,0.7491400837898254,0.2177732801714609,0.07622713030674122,,979770.1239562383
2008-12-27,,,,,
2008-12-28,,,,,
2008-12-29,0.7734221816062927,0.22461655435375735,0.09554171048891136,0.03241329404458848,519908.197865418
2008-12-30,0.7554355263710022,0.2188843410804631,0.028151852730676108,-0.02325593403325299,313465.000876483
2008-12-31,,,,,
2009-01-01,,,,,
2009-01-02,0.7725227475166321,0.2234403735514063,0.038694154820376525,,322440.26587872556
2009-01-03,,,,,
2009-01-04,,,,,
2009-01-05,0.7815160751342773,0.22652639858964563,0.08760956006094478,0.011641505245710171,277691.088886333
2009-01-06,0.7932073473930359,0.22972872665460958,0.12356712129791902,0.014959733562422084,509479.6971800255
2009-01-07,,,,,
2009-01-08,,,,,
2009-01-09,0.7455428838729858,0.21618084607909815,-0.004801772051285402,0.0024184247469356546,254834.3033167491
2009-01-10,,,,,
2009-01-11,,,,,
2009-01-12,0.7023751735687256,0.20364603466765024,-0.0918605772205966,-0.05790104263353746,149047.4698645156
2009-01-13,0.6987777948379517,0.20268528681922254,-0.07500008876366415,-0.005121733891156555,325651.1940449789
2009-01-14,,,,,
2009-01-15,,,,,
2009-01-16,0.6664019823074341,0.1928637114888531,-0.13736911379028782,-0.03137269613165761,370217.00239728246
2009-01-17,,,,,
2009-01-18,,,,,
2009-01-19,0.6744959354400635,0.19516664798612948,-0.1369391406003082,0.012145751884776512,80774.15622016479
2009-01-20,0.634026288986206,0.1832392962591272,-0.20068026214078338,-0.05999983740073045,362215.56881872617
2009-01-21,0.6205361485481262,0.17882886125306233,-0.19580436488061048,-0.021276941780521863,776812.1549222469
2009-01-22,0.6259322762489319,0.1801243960428581,-0.15840381562462513,0.008695911935881595,345132.4010759213
2009-01-23,0.638522744178772,0.1836418591253299,-0.14354659136206882,0.02011474468978003,244998.61337295885
2009-01-24,,,,,
2009-01-25,,,,,
2009-01-26,0.6349256038665771,0.18231367480232502,-0.09603068593589559,-0.005633535132442691,278368.61260943906
2009-01-27,0.6421201229095459,0.18426312066963554,-0.08108109952398357,0.0113312788130695,88326.04620806208
2009-01-28,0.6628047823905945,0.18995350998498106,-0.017333170498412764,0.03221306846345695,390832.4518552815
2009-01-29,0.6610060334205627,0.1896608611903371,-0.039215805187252095,-0.0027138442838992027,292798.3587630579
2009-01-30,0.6619054675102234,0.18973927691277725,-0.006747451112977476,0.0013607048108263964,237388.99276725677
2009-01-31,,,,,
2009-02-01,,,,,
2009-02-02,0.6466168165206909,0.18526109976812621,-0.041333264523207736,-0.023097937303707683,86973.6476283314
2009-02-03,0.6610060334205627,0.18895604408569058,0.04255303747340933,0.022253081782340756,133513.8077303161
2009-02-04,0.6565094590187073,0.18811159284203646,0.0579713374551154,-0.006802622327948593,228733.98126807343
2009-02-05,0.652012825012207,0.18703752868967496,0.041666726182534974,-0.0068493057407298386,238328.31865808452
2009-02-06,0.6529120802879333,0.18729549061615985,0.02253535405018048,0.0013791987538120942,348743.8688566053
2009-02-07,,,,,
2009-02-08,,,,,
2009-02-09,0.6610060334205627,0.1895629576772477,0.04107635508028129,0.012396696855509148,159728.93470790912
2009-02-10,0.6646033525466919,0.19076966316857794,0.035014055524799526,0.005442188034977313,208843.40313541333
2009-02-11,0.669999361038208,0.19207045295364733,0.010854747640269391,0.008119141245434891,133327.20704735487
2009-02-12,0.652012825012207,0.18681245344456104,-0.013605334828515558,-0.026845601760171367,147751.4964279414
2009-02-13,0.6744959354400635,0.1929612174052535,0.019021549976312224,0.03448261991999235,151040.3515438505
2009-02-14,,,,,
2009-02-15,,,,,
2009-02-16,0.6744959354400635,0.1930164359536596,0.04311536323689236,0.0,56931.585312604395
2009-02-17,0.6430194973945618,0.1834577738643543,-0.02721085000226786,-0.04666660893214347,186170.97983609792
2009-02-18,0.638522744178772,0.18196196864688155,-0.027397495333609134,-0.006993183307831385,129723.9967789401
2009-02-19,0.6241335272789001,0.17660324475224248,-0.04275881802291992,-0.02253516735473271,199651.28167692712
2009-02-20,0.6160396933555603,0.1741848879903753,-0.056473739796807476,-0.012968112702785528,236955.06845329306
2009-02-21,,,,,
2009-02-22,,,,,
2009-02-23,0.6160396933555603,0.17366439076355547,-0.06802712500566965,0.0,227609.13606184558
2009-02-24,0.6268316507339478,0.17629915644324223,-0.05683345061081446,0.017518282498330207,269713.37246523536
2009-02-25,0.6115430593490601,0.17209597842945268,-0.08724829468279804,-0.024390267094819618,154056.8067523977
2009-02-26,0.6115430593490601,0.1719073085256255,-0.062068971821818475,0.0,54797.49733516531
2009-02-27,0.5935565829277039,0.16649553518308663,-0.11999976317062921,-0.02941162710684908,827185.2006006256
2009-02-28,,,,,
2009-03-01,,,,,
2009-03-02,0.5620799660682678,0.15613332390785217,-0.1666666372102773,-0.05303052440961631,292298.2891465635
2009-03-03,0.5512881278991699,0.1526691021598366,-0.1426572131437327,-0.019199827107495904,220439.9239723354
2009-03-04,0.5962544679641724,0.1649025023408851,-0.06619697825950177,0.08156595034316916,267470.6456613003
2009-03-05,0.5710732936859131,0.15736815389950484,-0.08501423377192907,-0.042232260940931576,232132.94854497566
2009-03-06,0.5674757957458496,0.15596421485388196,-0.0788324163743147,-0.006299538045009823,143774.71503960626
2009-03-07,,,,,
2009-03-08,,,,,
2009-03-09,0.5485900640487671,0.1508483141443526,-0.10948909629409742,-0.03328024179826117,91934.69128813334
2009-03-10,0.5791671872138977,0.15930004874271744,-0.07604029481319341,0.055737653976927426,139239.47349730268
2009-03-11,0.5728719830513,0.15723122905209277,-0.06323524681797932,-0.010869407489883742,88993.52396221913
2009-03-12,0.5935565829277039,0.1628323776274838,-0.02941162710684908,0.036106844964264084,223379.22518530485
2009-03-13,0.6079457998275757,0.1665604931034454,0.024242367642352436,0.024242367642352436,292641.53507319983
2009-03-14,,,,,
2009-03-15,,,,,
2009-03-16,0.5962544679641724,0.16376118318159086,0.06080007109122598,-0.01923087858608319,192782.98875861822
2009-03-17,0.6106436848640442,0.16748318290291941,0.10766703282921108,0.024132677695484217,253074.30549642217
2009-03-18,0.6025497317314148,0.16472108576583236,0.010558015252676745,-0.01325478889449494,322534.9235981021
2009-03-19,0.5746705532073975,0.15755189943999928,0.006299120552926585,-0.046268676352916205,526409.9506113573
2009-03-20,0.5638785362243652,0.15418312813747273,-0.0063390536626436456,-0.018779484911483513,118109.26833949701
2009-03-21,,,,,
2009-03-22,,,,,
2009-03-23,0.5746705532073975,0.15584286188675187,0.047540943352397225,0.019138903664065232,315855.32331321604
2009-03-24,,,,,
2009-03-25,0.5872612595558167,0.1592141140181149,0.02511778709769441,,367645.3821793245
2009-03-26,0.6070464253425598,0.16431084729802672,0.022727138073876052,0.03369056866054465,486718.0558285866
2009-03-27,0.6196370124816895,0.16678429491862873,0.01923068250069271,0.020740731867459283,350646.01600563445
2009-03-28,,,,,
2009-03-29,,,,,
2009-03-30,0.6079457998275757,0.16363743535410627,0.019607956823068706,-0.01886784104017547,297323.2248572165
2009-03-31,0.6286303997039795,0.1690548338588085,0.029455335878794786,0.034023756529398375,471492.96491386456
2009-04-01,0.6259322762489319,0.16863762595277954,0.038805999382536926,-0.004292066461179966,390499.20057920954
2009-04-02,,,,,
2009-04-03,0.638522744178772,0.17290082431052586,0.13237639519711397,,224158.4720220599
2009-04-04,,,,,
2009-04-05,,,,,
2009-04-06,0.6367241740226746,0.17325827864562574,0.10798120848360582,-0.00281676756622129,240670.73240656336
2009-04-07,,,,,
2009-04-08,0.6403214335441589,0.17411867669453676,0.09035190577439955,0.022988361267225255,113081.38563534367
2009-04-09,,,,,
2009-04-10,,,,,
2009-04-11,,,,,
2009-04-12,,,,,
2009-04-13,0.6798919439315796,0.18474822530137214,0.11834302354652193,,430564.913211534
2009-04-14,,,,,
2009-04-15,,,,,
2009-04-16,,,,,
2009-04-17,0.7086704969406128,0.19251595907218302,0.10985944259833769,,437187.09584415774
2009-04-18,,,,,
2009-04-19,,,,,
2009-04-20,0.6807912588119507,0.18463637958666487,0.06920906506638591,-0.03934019865229188,362591.5934549232
2009-04-21,0.6843885183334351,0.18538071356342029,0.09339068187187594,0.005283939056094811,357457.17495779716
2009-04-22,0.6816906332969666,0.1845099965617297,0.06460692643666532,-0.003942037255443953,383338.9565042698
2009-04-23,,,,,
2009-04-24,,,,,
2009-04-25,,,,,
2009-04-26,,,,,
2009-04-27,0.6565094590187073,0.17735829344572812,-0.03439147223551364,-0.02666654530634227,170952.0681067726
2009-04-28,,,,,
2009-04-29,,,,,
2009-04-30,,,,,
2009-05-01,,,,,
2009-05-02,,,,,
2009-05-03,,,,,
2009-05-04,0.669999361038208,0.18132103624751914,-0.015851992272309157,,293011.18079725746
2009-05-05,0.7284555435180664,0.19695972516373297,0.06438890192363189,0.08724811675831567,714625.2215741089
2009-05-06,0.7491400837898254,0.20191366605299593,0.098944370361439,0.028395061930427845,1537824.558158644
2009-05-07,0.7464421391487122,0.20057561175566632,0.10814402910448262,-0.0036013887115272647,775923.6471065813
2009-05-08,0.853462278842926,0.2294006770355139,0.2653334645910046,0.14337365762370569,1614229.9372117221
2009-05-09,,,,,
2009-05-10,,,,,
2009-05-11,0.9263078570365906,0.24904096169823645,0.41095888918516765,0.08535301442077126,1706989.7360747496
2009-05-12,0.9353011250495911,0.2514453114631801,0.43053646157728376,0.009708724744893482,1464538.4023025676
2009-05-13,0.8858381509780884,0.23789192227571726,0.3530221160821192,-0.05288454461003678,827255.5916143039
2009-05-14,0.8993280529975891,0.24139146795082378,0.36986305474078884,0.015228404878031121,916060.3660203102
2009-05-15,,,,,
2009-05-16,,,,,
2009-05-17,,,,,
2009-05-18,1.0522137880325317,0.28242800838322196,0.5704698380638116,0.09345773726231621,1028543.8286807253
2009-05-19,1.0162408351898193,0.272596790555209,0.39506225772117487,-0.03418787441473847,1229430.5565135302
2009-05-20,0.9892607927322388,0.26508234216678866,0.32052844873507036,-0.026548866689204753,1060304.0678422626
2009-05-21,0.9892607927322388,0.2647914327441752,0.32530137414328153,0.0,794990.8587409868
2009-05-22,0.9802675247192383,0.26234913012692046,0.14857744626772185,-0.00909089704056909,373977.91145023226
2009-05-23,,,,,
2009-05-24,,,,,
2009-05-25,,,,,
2009-05-26,0.9982541799545288,0.26694857065236766,0.06730779341423321,,498593.2566446569
2009-05-27,0.9892607927322388,0.26464975728524315,0.11675117135106161,-0.009009115516751098,842036.776128841
2009-05-28,0.944294273853302,0.2525864046685307,0.04999979785555908,-0.045454665957946006,570790.751166826
2009-05-29,0.9353011250495911,0.24952675214086145,-0.02803758752493668,-0.009523671860270144,625032.8488954586
2009-05-30,,,,,
2009-05-31,,,,,
2009-06-01,1.0072473287582397,0.26903692106045557,-0.04273509792945396,0.0769230377059944,780560.9093902322
2009-06-02,1.0522137880325317,0.2811150916464151,0.035398058803642884,0.04464291737534598,849070.1732944367
2009-06-03,1.0522137880325317,0.2810775445525663,0.06363639978738389,0.0,605120.8944048043
2009-06-04,1.0612069368362427,0.28357835947737764,0.07272717632455228,0.008546883633340885,645277.3820136513
2009-06-05,1.0612069368362427,0.28257407451371125,0.08256869688729762,0.0,414350.8347067047
2009-06-06,,,,,
2009-06-07,,,,,
2009-06-08,,,,,
2009-06-09,1.0881868600845337,0.2893652236570052,0.09008996098979649,0.008333099523314846,620416.4014340385
2009-06-10,1.1061736345291138,0.2940543448692418,0.11818202303759917,0.016529122988291567,717997.7323092631
2009-06-11,1.0702003240585327,0.28529545853554406,0.13333348903139752,-0.03252049167298632,742656.1950062547
2009-06-12,1.0791938304901123,0.28611411503224166,0.15384639405078437,0.008403572891356736,610436.0784524371
2009-06-13,,,,,
2009-06-14,,,,,
2019-10-01,78.73002624511719,1.3657452918859732,0.00477045089592254,0.033108460198856715,2175599.0485761957
2019-10-02,81.62692260742188,1.4118640942216012,0.06071650436193354,0.03679531813295123,2162472.61189179
2019-10-03,79.94485473632812,1.3843264889407467,0.029482496640449884,-0.020606777976716284,1253088.8133583246
2019-10-04,83.9164047241211,1.4535509721492603,0.10116497865815965,0.049678619104279065,2357757.7546968334
2019-10-07,82.00070190429688,1.4178387119269795,0.09687497671895273,-0.022828704662958055,1643903.1418957168
2019-10-08,79.33744049072266,1.3714882439703335,0.10331381926707506,-0.03247851971660576,1751023.7397713475
2019-10-09,80.55226135253906,1.3892872036104769,0.09113913846878852,0.015312075286301408,1484025.6319848662
2019-10-10,84.5238037109375,1.4577593686133197,0.1384518347197936,0.049303921351343316,2151644.523448168
2019-10-11,84.38363647460938,1.4540329060210941,0.09787227622193195,-0.0016583167128574328,1671986.5884559504
2019-10-14,,,,,
2019-10-15,84.57054138183594,1.4513564678537143,0.07418408725706449,,1142212.3381704395
2019-10-16,82.70157623291016,1.417409228116444,0.013165431099941616,-0.0220994819045488,2173414.3495277697
2019-10-17,85.78536987304688,1.4710182257840232,0.07305679841412904,0.03728820876946659,3968667.736911053
2019-10-18,86.9534683227539,1.4902561925473694,0.036191536191490625,0.013616522857402114,5079419.050632238
2019-10-21,89.66345977783203,1.5327742173226553,0.09344746685800787,0.03116599610517179,3128928.7150208903
2019-10-22,91.2053451538086,1.554746987493008,0.14958769264145477,0.017196362707808,4382301.730449976
2019-10-23,90.83155059814453,1.539953691945763,0.1276101883796643,-0.0040983843110696805,4696126.468697752
2019-10-24,91.06517791748047,1.5280033209023949,0.077390911427907,0.0025720943636595717,3532426.5651805634
2019-10-25,94.6162109375,1.5771813120617029,0.12126254437931872,0.038994411488849634,7574038.394854702
2019-10-28,,,,,
2019-10-29,80.36536407470703,1.3517006824439834,-0.0497239019452711,-0.06521749548034372,4357022.929898924
2019-10-30,83.77622985839844,1.403232871403588,0.012994354816911358,0.04244198757714446,2601827.2245478984
2019-10-31,86.06570434570312,1.4427917888309756,0.003267858762760145,0.027328449742539673,2401671.634435934
2019-11-01,87.84121704101562,1.4706677020301033,0.01020946875823947,0.020629735256458615,1323348.110924247
2019-11-04,94.8031005859375,1.5878586481188763,0.057321464293709656,0.07925531748576709,2556685.965257102
2019-11-05,93.96206665039062,1.5750938590189678,0.030225437905345265,-0.008871375834216377,2118131.708067312
2019-11-06,90.31758880615234,1.5140011768715116,-0.00565840601209211,-0.03878669312158145,1402159.036156562
2019-11-07,93.82189178466797,1.5741479149867867,0.030271877025107363,0.03879978445878218,1686650.068321466
2019-11-08,91.0184555053711,1.5296396749312826,-0.038024725324346864,-0.02988040665105196,1255821.3543524374
2019-11-11,90.45777130126953,1.5119132759697398,0.052173943138766,-0.006160115561052115,1167824.867913103
2019-11-12,87.00018310546875,1.4573309977917084,0.08255819042385037,-0.038223229978608275,1225510.541634821
2019-11-13,83.12207794189453,1.3918050641197963,-0.007808323645138726,-0.04457582760340706,1377612.5728184227
2019-11-14,79.05709838867188,1.3247698557491503,-0.08143320281072164,-0.04890372875500337,1309721.176300262
2019-11-15,82.93519592285156,1.3898091947027265,-0.05585101485870003,0.049054387439235736,855274.0941984751
2019-11-18,,,,,
2019-11-19,84.38363647460938,1.413615158679075,-0.10193933059625215,,1427504.7666999334
2019-11-20,87.56086730957031,1.4660304439331002,-0.03052253202306754,0.03765221514146222,1642393.7888232467
2019-11-21,87.28052520751953,1.4593209250701322,-0.06972111148815485,-0.0032016825628238266,1173466.2991193004
2019-11-22,88.54207611083984,1.481300584724255,-0.02720744249923157,0.014453979284849927,2452729.9372053687
2019-11-25,88.26173400878906,1.4781362720546136,-0.024276933434127734,-0.0031662020404834568,1087880.7716085315
2019-11-26,85.1312255859375,1.4208073698992365,-0.021482225126647658,-0.03546846725830055,1305001.7190736965
2019-11-27,,,,,
2019-11-28,,,,,
2019-11-29,,,,,
2019-12-02,,,,,
2019-12-03,88.96258544921875,1.4848181993300278,0.05426347057213121,-0.009880557357110131,1152910.5740405263
2019-12-04,95.73757934570312,1.5987492125569132,0.0933831777525016,0.0761555418187756,2734032.324222275
2019-12-05,97.65326690673828,1.628097147494803,0.11884371312565278,0.020009776454841255,2369197.477824939
2019-12-06,102.4658432006836,1.70918837699222,0.1572559364026378,0.04928228666985057,3220363.610819489
2019-12-09,99.89602661132812,1.6663223788378336,0.1318158172757009,-0.025079738858171274,2698800.683143849
2019-12-10,93.07431030273438,1.555807392755632,0.09330400992264076,-0.06828816460473885,1697067.0571708155
2019-12-11,,,,,
2019-12-12,,,,,
2019-12-13,,,,,
2019-12-16,102.09204864501953,1.706796767449963,0.13624533046397902,0.005985207259621816,2160848.693736264
2019-12-17,100.45671081542969,1.6794287617933277,0.12920179093459416,-0.016018268330338037,3172646.9872813094
2019-12-18,101.7649917602539,1.7014000712268158,0.06295764375644097,0.013023330489368101,4297663.185881881
2019-12-19,101.67153930664062,1.6996330524332393,0.04114836632900265,-0.0009183163285999552,7078230.335531827
2019-12-20,102.65274047851562,1.7161303668979682,0.0018239958994528127,0.009650696532838898,3958036.3041091384
2019-12-23,109.75480651855469,1.829536451914131,0.09869041083670682,0.06918535254814229,5455857.57668183
2019-12-24,,,,,
2019-12-25,,,,,
2019-12-26,117.27737426757812,1.958703536828027,0.21432024149614115,,4269337.004370249
2019-12-27,113.02547454833984,1.8893377533037543,0.11371999042234515,-0.036255072607076055,2739500.606721007
2019-12-30,113.63289642333984,1.8979210156172361,0.11304355169175384,0.005374203270787525,3520368.4683912345
2019-12-31,,,,,
2020-01-01,,,,,
2020-01-02,114.941162109375,1.921585302033493,0.13051462477334286,,1707905.2429757172
2020-01-03,112.88531494140625,1.8872188228409308,0.0996814543400546,-0.017886083020567156,1792418.7898464706
2020-01-06,116.71668243408203,1.951327154747752,0.0634311711382809,0.0339403534876479,2229538.9022423197
2020-01-07,,,,,
2020-01-08,,,,,
2020-01-09,121.80961608886719,2.036316732402082,0.03864549193392053,0.03534563410018432,3138873.989174524
2020-01-10,125.1737289428711,2.0927512236950343,0.10748244537859097,0.027617793750779107,2952080.228482694
2020-01-13,118.9127197265625,1.983233871921855,0.0464638627493279,-0.050018556363101596,2924768.170512716
2020-01-14,,,,,
2020-01-15,,,,,
2020-01-16,117.65116119384766,1.961506522071485,0.023577272360391532,0.030700020104995174,2661090.597169943
2020-01-17,118.118408203125,1.9685843601618787,0.046357608732677136,0.003971461093422501,2452182.0836389316
2020-01-20,119.70703125,1.9950240863759692,0.025620577569164693,0.013449411239466524,860900.3019436018
2020-01-21,115.59529876708984,1.9234978928370057,-0.0024194672997607247,-0.03434829550089735,1905628.2485439077
2020-01-22,116.43633270263672,1.9382763829237988,-0.010325682117232393,0.007275675953236194,1698032.192249989
2020-01-23,113.44600677490234,1.8881611172399149,-0.0686613223365149,-0.02568206897559444,1724196.3686694917
2020-01-24,109.56790161132812,1.8231690438259183,-0.12467334370669281,-0.034184589425603096,1459656.6639955651
2020-01-27,107.18496704101562,1.7813985115427484,-0.0986248797648781,-0.0217484731866594,2151698.297071487
2020-01-28,113.91323852539062,1.892903658004035,-0.029844799453572657,0.06277252930254984,2459241.5827834574
2020-01-29,114.3804702758789,1.8988943406254954,0.0020466590952110675,0.004101645748436411,3517985.284168358
2020-01-30,116.06254577636719,1.926307744004979,-0.013502760205341247,0.014705967692135058,2847239.4575372254
2020-01-31,114.19358825683594,1.8922827689335995,-0.03322784319561478,-0.016103020203713347,1321923.3907142242
2020-02-03,119.19306182861328,1.9713388655642834,-0.004293560837820176,0.04378068548413494,1775765.8928502384
2020-02-04,118.02494812011719,1.948114328820339,0.021018582753289827,-0.009800182079186093,3369159.4517567526
2020-02-05,116.57650756835938,1.9240412938296036,0.0012038756500571957,-0.01227232525689137,1011011.7170499333
2020-02-06,116.62322998046875,1.9217960101915441,0.02800647899287112,0.0004007875435965147,886083.0052731017
2020-02-07,118.44547271728516,1.9487926355574905,0.08102346558984563,0.015625040886979136,1989916.8801731742
2020-02-10,118.118408203125,1.937113612672505,0.10200536011664352,-0.0027613086989050073,609404.3167229189
2020-02-11,114.75428009033203,1.8775180724266616,0.007383176668741109,-0.02848098077149641,1355745.23690195
2020-02-12,114.24031066894531,1.8656962155236694,-0.0012253805793553951,-0.004478869293434107,1435567.913484992
2020-02-13,108.11945343017578,1.761436745173225,-0.06843803307137852,-0.05357878670784644,4079834.6463454156
2020-02-14,109.0539321899414,1.7745331086151073,-0.04500827187718093,0.008643021492604097,3678757.7531198952
2020-02-17,110.26876068115234,1.7900772837849406,-0.07487265626495199,0.011139703693536118,1018595.4175104649
2020-02-18,105.269287109375,1.707151648528632,-0.10807597218988318,-0.04533898395968716,3187480.5429383903
2020-02-19,106.95134735107422,1.7326201090115234,-0.08256517902323546,0.015978641899147217,2651889.0527547696
2020-02-20,107.88583374023438,1.746041899830299,-0.07491986152070773,0.008737490572163109,2943521.47703422
2020-02-21,108.0260009765625,1.7469080858586654,-0.0879685099116676,0.0012992181778528344,3889344.651470576
2020-02-24,,,,,
2020-02-25,,,,,
2020-02-26,101.01739501953125,1.6269694620414668,-0.11574649589086361,,3618160.7294777296
2020-02-27,100.22309112548828,1.6128880801798597,-0.07303368685439227,-0.007863040755400563,4648797.063391703
2020-02-28,95.97120666503906,1.5427197414050207,-0.11996564692519207,-0.04242419997927904,4087587.2237948054
2020-03-02,99.3820571899414,1.596424539096836,-0.09872880971874154,0.03554035260603716,2659893.3808385087
2020-03-03,98.12051391601562,1.5748164529261328,-0.06790939114018879,-0.012693873618601859,2495407.0881510703
2020-03-04,102.23222351074219,1.6394456428985977,-0.04412402421487238,0.04190468874068376,1271559.3863234816
2020-03-05,101.43792724609375,1.6250583095474727,-0.05976601626554401,-0.007769529384881069,1277504.5830003105
2020-03-06,95.45724487304688,1.527878177137937,-0.1163493602456187,-0.05895903569221628,3309629.9937328445
2020-03-09,,,,,
2020-03-10,,,,,
2020-03-11,83.16880798339844,1.327129357208256,-0.17668825287646617,-0.04506445907888523,2517665.114523226
2020-03-12,73.73054504394531,1.175297808092093,-0.2643357512129807,-0.11348320564287906,4477612.373474943
2020-03-13,75.22572326660156,1.195974557133593,-0.21616361947853657,0.02027895252591838,3881432.890397076
2020-03-16,61.81592559814453,0.9805981312861011,-0.3779971219553201,-0.17826080077598483,4952773.6676151445
2020-03-17,62.14298629760742,0.983555226134143,-0.3666667262790988,0.005290880890291172,3245779.589142578
2020-03-18,51.53662872314453,0.8137983486604694,-0.49588664949922323,-0.17067666371339552,3640147.0446420806
2020-03-19,52.37765884399414,0.8242064234324608,-0.48364817513548775,0.016319075222549717,2988480.448849329
2020-03-20,57.05006408691406,0.8946293147494345,-0.4023495632752898,0.08920607270432979,3621526.696949775
2020-03-23,,,,,
2020-03-24,,,,,
2020-03-25,62.14298629760742,0.9702791924243702,-0.25280898206438207,,2183315.2097406727
2020-03-26,61.2085075378418,0.9529701060863562,-0.16983514089906782,-0.015037557984264538,1573133.6118330269
2020-03-27,55.60162353515625,0.8632478836319356,-0.2608695387599942,-0.0916030177540128,1158382.650276219
2020-03-30,54.153175354003906,0.8407006035193919,-0.12396077822978724,-0.026050465599021688,1808767.652639307
2020-03-31,,,,,
2020-04-01,56.20903778076172,0.8729260086297959,0.09066190733424628,,584770.860602375
2020-04-02,60.0404052734375,0.9301233626409163,0.1462979941937974,0.06816283722236416,1942499.3959949499
2020-04-03,60.787994384765625,0.9392244470184322,0.065520177017802,0.012451433462572936,1436632.737404354
2020-04-06,,,,,
2020-04-07,,,,,
2020-04-08,63.17091369628906,0.971106840965024,0.016541326059851924,0.0747216881563939,1793036.657242856
2020-04-09,,,,,
2020-04-10,,,,,
2020-04-13,65.46041107177734,1.011940546312095,0.20880097323669533,,1839129.8311749278
2020-04-14,,,,,
2020-04-15,77.42176055908203,1.1821465026266056,0.3773898934377533,0.0745786087186171,2730964.4837574135
2020-04-16,74.38468933105469,1.1332955429107034,0.23891051354983528,-0.039227617740747456,3777582.675750134
2020-04-17,70.88038635253906,1.0780483815763549,0.1660260725809164,-0.04711054129593062,4822594.224014844
2020-04-20,73.02970123291016,1.109937270169779,0.22204851694554173,0.03032312591639963,2525581.702202897
2020-04-21,70.64676666259766,1.0705956673305874,0.20190777507905522,-0.03262966341205098,1129069.4699744906
2020-04-22,69.7590103149414,1.0550689578101704,0.10429003212342902,-0.012566128495251516,1540413.8191747768
2020-04-23,,,,,
2020-04-24,,,,,
2020-04-27,65.1800537109375,0.9825647616137123,-0.004282853655355634,0.02122971727698375,2961151.872598315
2020-04-28,76.16020965576172,1.1448587409011974,0.05706885946042051,0.16845883548239082,4944645.213566844
2020-04-29,77.14141845703125,1.1575311412696252,-0.0036209729671136115,0.01288348345815371,2879831.0674217986
2020-04-30,75.36589813232422,1.129238907026099,0.01319100489756142,-0.02301643345715787,1898572.4896093074
2020-05-01,,,,,
2020-05-04,76.11347961425781,1.141315077259387,0.042226358992113466,,2579929.1298755556
2020-05-05,78.07588958740234,1.16680130253148,0.10515871108844199,0.025782686366330854,3105969.1384710814
2020-05-06,80.87933349609375,1.2070129567236885,0.15941056403964682,0.035906653430481716,4073166.741750072
2020-05-07,87.84121704101562,1.3089042647398565,0.31284912124185116,0.08607740993882085,7408799.458947726
2020-05-08,88.16828918457031,1.3131960757086796,0.38140538263540824,0.003723447312916628,5079060.498286392
2020-05-11,97.88689422607422,1.4549968632529668,0.5017921688157241,0.11022789634898222,5161455.126654182
2020-05-12,98.9615478515625,1.4682463438413356,0.29938649458636046,0.01097852408113309,7841734.585157885
2020-05-13,93.21448516845703,1.3819548679565266,0.20835845428974942,-0.058073694357790195,2447766.2585001797
2020-05-14,97.65326690673828,1.4456735806201466,0.29572219434422253,0.047619012541446626,4130428.914010731
2020-05-15,,,,,
2020-05-18,99.66240692138672,1.4716963481088077,0.309392336633072,0.03694714566189239,5279955.5645178165
2020-05-19,95.27033233642578,1.404073788446769,0.2202273049963146,-0.0440695215039848,3809178.0577833964
2020-05-20,97.9336166381836,1.4416034760627088,0.21086082692451358,0.02795502268589778,3348223.4070518343
2020-05-21,103.7273941040039,1.5256437266919658,0.18085105828589065,0.059160252267875135,6931804.923800337
2020-05-22,102.18550109863281,1.5007303087354018,0.15898246459925125,-0.014864858205394516,6259153.1838504495
2020-05-25,,,,,
2020-05-26,101.57808685302734,1.4893964842840173,0.02643995630898499,,4723412.960160919
2020-05-27,100.59687805175781,1.4735910670152568,0.07919791510900187,-0.00965965034062155,4548500.78941499
2020-05-28,93.72845458984375,1.3714525877210604,-0.04019130584379571,-0.06827670594688051,6344267.379094707
2020-05-29,87.04692077636719,1.275349747941643,-0.09431189928104045,-0.07128607681322596,9029876.330223333
2020-06-01,93.027587890625,1.3594878298297544,-0.06657293593155178,0.06870624556177907,5461470.142838214
2020-06-02,100.87722778320312,1.469968607602213,0.05885248124230169,0.08437969929745104,6601047.289722911
2020-06-03,109.66133880615234,1.595979955256818,0.11975175195762344,0.08707724444834364,10260531.843788236
2020-06-04,109.75480651855469,1.595242651414015,0.05810820243403869,0.0008523305790344438,7489847.820158332
2020-06-05,113.30581665039062,1.6446993003214754,0.10882478856784306,0.03235402844280544,6422021.893969467
2020-06-08,,,,,
2020-06-09,117.83805847167969,1.7057890238264568,0.16007361550507238,-0.05543078055401729,6415030.491717573
2020-06-10,119.42668914794922,1.7266889894905328,0.1871808694351662,0.013481473616194561,7323769.583226917
2020-06-11,108.96048736572266,1.5729039656594948,0.16251236449522577,-0.08763704207910117,7249093.393593886
2020-06-12,111.76393127441406,1.6117191521613425,0.2839504290053809,0.025728995679706657,5239217.966892067
2020-06-15,,,,,
2020-06-16,109.19410705566406,1.57213686592639,0.08244555738917492,,3700767.745448084
2020-06-17,102.7461929321289,1.4755526750122936,-0.06305910496175227,-0.05905001924919073,5037403.568659045
2020-06-18,95.87774658203125,1.376327633019583,-0.12643692223335512,-0.0668486700488723,6905342.586573387
2020-06-19,106.48411560058594,1.5272641044816229,-0.06020609754619488,0.11062388715487881,8558045.917467065
2020-06-22,102.93309020996094,1.4739521497864014,-0.1749063932672259,-0.03334793523519164,5672978.77799112
2020-06-23,104.5217056274414,1.4937946596860787,-0.1130055350278758,0.015433476389760115,4030741.757299347
2020-06-24,103.2601547241211,1.4739047976559996,-0.13536785235501725,-0.012069750447978755,3655754.614315107
2020-06-25,108.6334228515625,1.5494824288632325,-0.0030016799857215393,0.05203621999015118,4979052.665004065
2020-06-26,103.16670989990234,1.4702903084370724,-0.07692304016582019,-0.05032256931763912,3955327.77459316
2020-06-29,,,,,
2020-06-30,96.43843841552734,1.3701160187046786,-0.11681645634625903,-0.060109406230767326,5172838.890517185
2020-07-01,99.00826263427734,1.404803605042111,-0.03638023162883253,0.026647302268389295,1507663.7101464963
2020-07-02,95.73757934570312,1.357219728821707,-0.001461937116014722,-0.03303444784861709,3394602.06921476
2020-07-03,97.18601989746094,1.3765151779932359,-0.0873190865199226,0.015129279031879106,1442999.5168372057
2020-07-06,114.5206527709961,1.6208896206077827,0.11257373636989887,0.17836549836925708,10505679.831761597
2020-07-07,112.04427337646484,1.5824036836973197,0.07197134512746062,-0.021623867264214724,5172265.254064632
2020-07-08,113.02547454833984,1.5944732628495148,0.094570067712068,0.008757263020290118,3668062.598804518
2020-07-09,,,,,
2020-07-10,,,,,
2020-07-13,117.8847885131836,1.660792729387376,0.14890707162443095,,7457697.594769722
2020-07-14,119.52013397216797,1.678330087758057,0.23934124127132583,0.01387240440102655,4828884.100013436
2020-07-15,123.25804138183594,1.7293447127571986,0.24492681825085527,0.031274290660838755,4164412.905925284
2020-07-16,123.39823150634766,1.7300498074506554,0.2889215744714355,0.0011373710221260769,3131440.248558801
2020-07-17,122.97770690917969,1.722142501017364,0.26538474400876844,-0.003407865672259147,4170648.234244333
2020-07-20,121.01528930664062,1.6921605187424857,0.056711487216473344,-0.015957506867389615,3390002.2932905345
2020-07-21,125.87458801269531,1.756670790061981,0.12343615804228647,0.040154419610085146,7733833.935019308
2020-07-22,133.7709503173828,1.8647891817259878,0.18354690260707862,0.06273198132645397,8470639.925101398
2020-07-23,,,,,
2020-07-24,,,,,
2020-07-27,141.01318359375,1.9631114009558177,0.19619490667347517,0.04104866380708283,6214711.666740852
2020-07-28,136.52769470214844,1.8947663541012483,0.1422987087174863,-0.031809003791616886,6928930.0236175805
2020-07-29,136.3874969482422,1.8910403162697451,0.10652007300467359,-0.0010268814266006787,3594822.007724522
2020-07-30,137.462158203125,1.9034166526807803,0.11397186592624609,0.00787947047148041,4140315.8953525424
2020-07-31,139.5647430419922,1.9304711393167726,0.13487839828613968,0.015295735687200773,3467712.352689737
2020-08-03,153.90902709960938,2.123586405644261,0.27181472672944085,0.1027787086119687,14846310.80019953
2020-08-04,149.2366180419922,2.0583847790663676,0.18559766826756685,-0.03035825218096677,23247698.508765128
2020-08-05,144.42404174804688,1.9901471833749127,0.07963680758332581,-0.032247958691955514,8158485.693001117
2020-08-06,146.3397216796875,2.0151401798797286,0.09472199107604529,0.013264273097844725,5897738.285869088
2020-08-07,151.5260772705078,2.083613824796774,0.11866150564224665,0.035440518345199123,6888095.997450906
2020-08-10,148.5357666015625,2.0386795304903136,0.05334666458906834,-0.019734627351349787,4224248.817877707
2020-08-11,144.61094665527344,1.982837803849955,0.05920595063704526,-0.026423399805227676,4480589.337262728
2020-08-12,139.5647430419922,1.9122078834460967,0.02329572845636818,-0.03489503201517996,6983575.3246335825
2020-08-13,140.12542724609375,1.9179362213191564,0.019374561535933976,0.004017377110298259,3803726.6999666425
2020-08-14,135.54647827148438,1.8544423993034445,-0.02879140306444583,-0.032677502324882424,4421508.415555827
2020-08-17,,,,,
2020-08-18,128.3042449951172,1.7521640489562362,-0.14026298184394026,,4243282.482667659
2020-08-19,129.145263671875,1.7590413638712887,-0.1057910988450681,0.006554878030651468,5325297.225151297
2020-08-20,128.77149963378906,1.7530242567674708,-0.12005094614264922,-0.0028941366292423165,5922285.550333772
2020-08-21,126.90252685546875,1.7261921806910538,-0.16250371459877855,-0.014513869789786193,10184661.131367743
2020-08-24,126.34182739257812,1.7162314595289856,-0.14941814834751665,-0.004418347504846931,4866978.0612470275
2020-08-25,125.1737289428711,1.6979883153732627,-0.13441041748199867,-0.00924554024438351,7614348.037835083
2020-08-26,121.71615600585938,1.649622102439284,-0.12788750688103612,-0.027622193300558706,5122987.75381478
2020-08-27,116.62322998046875,1.5796353072340628,-0.16772257346519648,-0.04184264597663978,6544865.6668699235
2020-08-28,124.33270263671875,1.6820413143647368,-0.0827301142587098,0.06610580634356578,5407508.777498097
2020-08-31,,,,,
2020-09-01,123.30477905273438,1.6623693776510176,-0.038965709533406945,-0.01049868605709492,3844771.327238588
2020-09-02,117.60443878173828,1.5834653728681654,-0.0893631292546585,-0.04622967832056368,5310817.674703789
2020-09-03,117.46426391601562,1.5803297965871552,-0.08780852711919862,-0.0011919181552560998,2420002.2336027734
2020-09-04,117.83805847167969,1.584251709473668,-0.07142858860574719,0.003182198084783705,2475634.673156137
2020-09-07,121.43580627441406,1.6294855157152097,-0.038831329413336224,0.03053128886707701,1287547.7425642642
2020-09-08,119.70703125,1.6035636626811407,-0.043672883591780454,-0.014236122585685074,3340063.564004656
2020-09-09,122.8375244140625,1.6446900867461964,0.009212979155775791,0.02615128895415242,3138905.213730649
2020-09-10,124.4728775024414,1.665221699637411,0.06730775269461553,0.013313139418753117,6165083.811585777
2020-09-11,119.23977661132812,1.5936791472711063,-0.04096207930323348,-0.04204209781372359,5094232.582012372
2020-09-14,113.16565704345703,1.5098173922516702,-0.09186353361192201,-0.05094038030337966,5951764.167414239
2020-09-15,110.78272247314453,1.4750212393330981,-0.10155370031711808,-0.02105704709863898,4949453.37292447
2020-09-16,100.78377532958984,1.3406044365772178,-0.14302745394981098,-0.09025727947766038,7205329.212092745
2020-09-17,95.36380004882812,1.2674303948322707,-0.1881462764112568,-0.05377825213470078,7482899.241350027
2020-09-18,100.40998840332031,1.3330321883476366,-0.14789848283649298,0.05291513500834122,4190825.4260354633
2020-09-21,98.7746353149414,1.3102763548512004,-0.18661028945831815,-0.01628675706853111,2365296.6361255646
2020-09-22,97.6065444946289,1.2917343424520342,-0.18462145894517867,-0.011825817595661703,3447376.053682713
2020-09-23,96.43843841552734,1.2751466173349093,-0.2149105993828786,-0.011967497519245196,3170230.72733558
2020-09-24,103.40032958984375,1.3660257065909758,-0.1692942939491725,0.07219000316367086,7371543.100965995
2020-09-25,100.45671081542969,1.3265423324455847,-0.15752349031249357,-0.02846817593416251,3669572.3870328516
2020-09-28,99.05500030517578,1.3038424582013655,-0.12469027359477602,-0.013953378513748893,3410927.6800254136
2020-09-29,100.1763687133789,1.316763325655076,-0.09574014361613803,0.011320664325358054,3778621.708973376
2020-09-30,98.9615478515625,1.2997058168144067,-0.01808056378190015,-0.012126820700520735,3824314.6642673532
2020-10-01,101.81170654296875,1.3363555280747728,0.06761377473254182,0.028800668070404045,2495462.6545799626
2020-10-02,102.27894592285156,1.3366975285119105,0.018613262975632816,0.004589250055303085,2081289.1676621505
2020-10-05,100.737060546875,1.3099141044581915,0.019867704149718612,-0.015075295918082654,2208835.80126181
2020-10-06,98.30740356445312,1.2767324931073083,0.007180451612676331,-0.024118799667489865,2548171.200636445
2020-10-07,99.52223205566406,1.2911007564479977,0.03197681018899834,0.01235744661300564,2539269.759568347
2020-10-08,102.7461929321289,1.3325361026538372,-0.006326253120368164,0.032394378721948724,2892295.068962887
2020-10-09,100.737060546875,1.3063104513237846,0.0027907516498364426,-0.01955432437853033,2434140.8653391865
2020-10-12,,,,,
2020-10-13,100.737060546875,1.3050702441050697,0.005597046895364333,,3107344.0370462113
2020-10-14,100.69033813476562,1.2992301694808468,0.017469313291221145,-0.00046380559305314595,2236411.8725181157
2020-10-15,102.51256561279297,1.3227427821005544,0.006883875082954516,0.01809734192756851,4020852.3631878067
2020-10-16,106.8111801147461,1.3782087756741432,0.044312484363235205,0.04193256188894656,6434517.413497313
2020-10-19,107.7923812866211,1.3903973287859883,0.07003699235856797,0.009186315241727527,4761596.759595099
2020-10-20,106.2972183227539,1.369830715070138,0.0812737847670082,-0.013870766616534191,4060510.3689943934
2020-10-21,107.46532440185547,1.3837405993977596,0.07981224076394033,0.010989055946457604,3682962.242160998
2020-10-22,112.04427337646484,1.4399222782174688,0.09049562011974466,0.042608618176099844,4273839.812743662
2020-10-23,111.01634979248047,1.4224768729071027,0.10204079005087019,-0.009174262575032177,2489339.626292405
2020-10-26,,,,,
2020-10-27,99.10172271728516,1.2667248257169703,-0.01623372590695049,-0.05481273091286465,2291386.7907149917
2020-10-28,91.53241729736328,1.168952229076241,-0.09095133661330279,-0.0763791507592193,4274771.0048135985
2020-10-29,93.96206665039062,1.2000889426994352,-0.08340927681684407,0.026544140587198672,2684719.4375421763
2020-10-30,90.08396911621094,1.150428340925182,-0.15660543194603127,-0.04127301231686531,2203821.1333503244
2020-11-02,100.78377532958984,1.2836296043977027,-0.06501949278210384,0.11877591893820583,3045940.9931348884
2020-11-03,101.71826934814453,1.291124226048734,-0.043076846665038304,0.009272266448628663,3728232.2326512304
2020-11-04,100.31653594970703,1.2704536029280387,-0.06652181521749545,-0.013780547068097282,2930629.1649141638
2020-11-05,107.46532440185547,1.359934960237293,-0.040867318218257065,0.07126231368009384,3959170.3305933834
2020-11-06,107.69894409179688,1.362158734050089,-0.0298821363419417,0.0021739076417599534,2192100.3169617928
2020-11-09,114.28703308105469,1.443934974935343,0.09001786980149085,0.06117134243806954,5366441.889949739
2020-11-10,120.3144302368164,1.5167253975779025,0.21404983624801677,0.05273911653203012,8443729.679170314
2020-11-11,117.46426391601562,1.479096152643826,0.2833077873864842,-0.023689314034823328,4167188.7660277314
2020-11-12,111.29668426513672,1.4002778378071725,0.1844852740334446,-0.052506008595844866,4657024.662295016
2020-11-13,112.65169525146484,1.4150119702240345,0.25051878105127545,0.012174765090936068,1896914.4131728879
2020-11-16,115.7354736328125,1.45146107087619,0.14835421926125125,0.02737445161800678,2639157.567377681
2020-11-17,118.77253723144531,1.4849367373383098,0.16766179755703714,0.026241423681976128,3438364.7775872694
2020-11-18,115.87565612792969,1.4471984697779048,0.15510025372111236,-0.024390159299793712,1897228.0766630266
2020-11-19,116.76339721679688,1.4563560673612794,0.08652160933486064,0.007661152640094704,2173889.958472083
2020-11-20,116.01582336425781,1.444593743429493,0.07722340588011778,-0.006402467471471662,1594264.3333858692
2020-11-23,,,,,
2020-11-24,123.16461181640625,1.5304866827096604,0.023689440859087307,,7178495.369790837
2020-11-25,122.55718994140625,1.5180578326087124,0.04335723781517031,-0.004931788977709295,2212375.515442037
2020-11-26,122.8375244140625,1.5196121305354633,0.10369437530980341,0.0022873767976425707,998069.1194027526
2020-11-27,127.18287658691406,1.5709464798608495,0.12899212304805752,0.03537479441708857,3948285.091396792
2020-11-30,122.0432357788086,1.506171867755996,0.054501545187505496,-0.04041142130161801,2956109.021946036
2020-12-01,123.49166107177734,1.517928524999898,0.03973244952354715,0.011868132500140183,2006062.0160641144
2020-12-02,124.2392578125,1.52526740510356,0.07217738362004766,0.006053823669017744,2475410.760206229
2020-12-03,124.28597259521484,1.524806065168351,0.06442580087363048,0.0003760066144740115,1890732.150158189
2020-12-04,121.66942596435547,1.491573690172871,0.04873130609388432,-0.021052630286614638,2204148.091034281
2020-12-07,,,,,
2020-12-08,,,,,
2020-12-09,116.57650756835938,1.425328376596969,-0.04879911473089582,,2617754.124861886
2020-12-10,121.24890899658203,1.4778756909796167,-0.01293265575855751,0.04008012871274946,6189555.054603579
2020-12-11,120.26770782470703,1.4645159165082526,-0.054371853725775354,-0.008092453614594208,2756444.649925751
2020-12-14,118.72582244873047,1.4438615785632687,-0.027182279369342588,-0.012820443690702898,1836225.9166489579
2020-12-15,119.8471908569336,1.4538030116727603,-0.029511872973556175,0.009445025396116913,1777062.8928983288
2020-12-16,118.9127197265625,1.4407581775188476,-0.042873228476430825,-0.0077971884337831865,2340495.2567166374
2020-12-17,118.25857543945312,1.4311914870680211,-0.048496198162219506,-0.005501045545115546,2600909.882627956
2020-12-18,113.91323852539062,1.376400169152979,-0.06374804004776935,-0.03674437052801516,3480394.2793975337
2020-12-21,,,,,
2020-12-22,,,,,
2020-12-23,117.37081909179688,1.409057144003085,0.006813650022683415,0.04102781685685142,1106132.7843220152
2020-12-24,,,,,
2020-12-25,,,,,
2020-12-28,117.09048461914062,1.4009747223537272,-0.013774070340056288,,1711697.6470779306
2020-12-29,119.98736572265625,1.4297477583443294,0.0011696132777112567,0.024740533895117878,1932032.9672463615
2020-12-30,117.51099395751953,1.3976459179179228,-0.011787853917278213,-0.020638604324897947,2124002.5584265827
2020-12-31,,,,,
2021-01-01,,,,,
2021-01-04,115.1747817993164,1.364277893175641,0.030087724218344825,,2519170.478181036
2021-01-05,115.54857635498047,1.3642131600291039,0.024865320993143092,0.0032454548628133573,1498605.4684533845
2021-01-06,114.9878921508789,1.355228352689787,-0.02030255015136473,-0.00485236791130228,1370046.8430505989
2021-01-07,,,,,
2021-01-08,,,,,
2021-01-11,112.37135314941406,1.3170036514141588,-0.040303287539345756,-0.01956785398097549,1458236.1987508577
2021-01-12,113.49272155761719,1.3292408542787948,-0.05412773358197609,0.009979130594895524,1196308.5087578427
2021-01-13,113.25909423828125,1.320882105306066,-0.03618299510576306,-0.0020585224861079388,1414419.0299265515
2021-01-14,,,,,
2021-01-15,,,,,
2021-01-18,110.8294448852539,1.2892791796906335,-0.03772819749408274,-0.012078420096623854,480442.3803121006
2021-01-19,109.28755950927734,1.2689821749513852,-0.05418514916590966,-0.013912235846466059,1253419.9952832856
2021-01-20,110.26876068115234,1.2783259341518105,-0.041040246772542366,0.008978159785805406,1881304.8289950253
2021-01-21,107.27842712402344,1.2418980203408867,-0.07344631800421786,-0.027118592234618544,2424108.857118863
2021-01-22,105.68980407714844,1.2222811367606692,-0.07786389929906079,-0.014808411061418836,1815909.735893857
2021-01-25,104.94222259521484,1.210958494488696,-0.06611231729425837,-0.007073354790097741,1175002.7602670505
2021-01-26,110.08187103271484,1.266745060137433,-0.03005347372140288,0.048975982310997423,1443017.421756182
2021-01-27,111.01634979248047,1.2757537587936245,-0.01980189282709932,0.008488943283748496,1331696.8939576712
2021-01-28,111.67047882080078,1.281469115944111,-0.014026382853974173,0.005892186417073342,1029942.8443628156
2021-01-29,108.11945343017578,1.2396801259418617,-0.03623498825950966,-0.031799141797568375,1959547.3907743504
2021-02-01,111.34342193603516,1.2741090106025426,0.004637549626937076,0.029818579391371447,1100744.9107818974
2021-02-02,111.39013671875,1.270893188760768,0.019238943745414794,0.00041955583816788433,1675476.9691399015
2021-02-03,110.59583282470703,1.260362086094852,0.0029661360256005853,-0.007130827894111569,1330603.0647198095
2021-02-04,115.36167907714844,1.3131603200411568,0.07534834514100441,0.04309245774201287,2241101.872637924
2021-02-05,117.93150329589844,1.3411383866464217,0.11582668097117632,0.02227623799608036,3073039.488056753
2021-02-08,118.63236999511719,1.3490465286452042,0.1304541400148178,0.0059429980932255155,4718628.759361558
2021-02-09,118.63236999511719,1.34489699437701,0.07767399738201441,0.0,1811803.562923611
2021-02-10,117.69788360595703,1.332801119848889,0.06018513332465125,-0.007877161934795818,939134.7507383046
2021-02-11,117.18392181396484,1.325578725202506,0.04937243084639742,-0.0043667887326920285,871588.2199951474
2021-02-12,115.7354736328125,1.308254220452696,0.0704407945195098,-0.012360468558577753,1839012.2960415713
2021-02-15,,,,,
2021-02-16,,,,,
2021-02-17,117.79133605957031,1.3283272693729673,0.06506125096293691,,1848947.7432278611
2021-02-18,120.22097778320312,1.3508990786498591,0.04212229524507016,0.020626659013393667,6538852.481052624
2021-02-19,118.21185302734375,1.3269955818996437,0.0023772251146658707,-0.016711931585537965,2511933.440694361
2021-02-22,112.18445587158203,1.2567690464990562,-0.05435206363828482,-0.05098809469104182,2152840.099030517
2021-02-23,106.4374008178711,1.1897617364340554,-0.10279630405890083,-0.05122862172892839,2932852.605898085
2021-02-24,110.45565032958984,1.2335050212598688,-0.06153240019687689,0.037752232587815016,1773242.571563341
2021-02-25,107.83911895751953,1.2021097796210622,-0.07974475262298053,-0.02368852443729963,1782980.8910854666
2021-02-26,105.269287109375,1.1724415356445748,-0.09043196692349476,-0.02383023779299287,2859492.5921913837
2021-03-01,,,,,
2021-03-02,,,,,
2021-03-03,104.98894500732422,1.1641589115982154,-0.10868703489169673,-0.021767540403212493,1142932.2772953275
2021-03-04,106.0168685913086,1.1746321617083113,-0.11815000554652855,0.009790779247402348,1861655.653923427
2021-03-05,102.69947052001953,1.137084749013206,-0.13122527149401864,-0.0312912286070014,2324258.558000092
2021-03-08,102.41911315917969,1.1324439891933225,-0.08704719951203199,-0.0027298812683284046,1470428.101280914
2021-03-09,103.77413177490234,1.145967812947405,-0.025021928593746523,0.013230134238876756,1295250.679730071
2021-03-10,107.41859436035156,1.185154599828687,-0.02749570492931752,0.03511918166036265,2011013.421972874
2021-03-11,108.8203125,1.1991659561355124,0.009098679143205723,0.013049120108071577,1854398.2918248922
2021-03-12,111.48358917236328,1.2276917234984026,0.059032432285131886,0.024474076679050993,2779726.87992284
2021-03-15,115.12805938720703,1.2673076115770114,0.0685168426985705,0.03269064300763658,3259986.0463591656
2021-03-16,112.32461547851562,1.2330278254636045,0.04658242698930182,-0.024350657203928594,1886761.5224518713
2021-03-17,112.55824279785156,1.2346074785020351,0.0720961410746559,0.002079929838536776,1665523.176010777
2021-03-18,110.12859344482422,1.207052219445052,0.038783685163973125,-0.021585707920039776,2428147.569355503
2021-03-19,110.92290496826172,1.2149175455814536,0.08007280277690598,0.007212582115065924,1078694.491316099
2021-03-22,109.56790161132812,1.1986258499672406,0.06979935904187928,-0.01221572187747244,1469802.0056006473
2021-03-23,108.91377258300781,1.1892714568926557,0.04952718678729995,-0.005970078998507322,982318.9013611381
2021-03-24,,,,,
2021-03-25,104.33480834960938,1.1392751415572233,-0.041219364724675134,,2722656.7973670056
2021-03-26,102.93309020996094,1.1216418466131786,-0.07669737784619157,-0.013434808208507953,1229299.5683946484
2021-03-29,102.04532623291016,1.1107759655355893,-0.1136363561058219,-0.0086246704071542,1278941.866890463
2021-03-30,105.36273956298828,1.1460765424016495,-0.06197996659831828,0.03250921382235972,880713.4430168092
2021-03-31,104.10118865966797,1.13195968559834,-0.07513491618176737,-0.011973406429567346,1333504.9282003536
2021-04-01,,,,,
2021-04-02,,,,,
2021-04-05,105.45618438720703,1.1510673538393046,-0.03752665847984071,,1106217.4279968245
2021-04-06,108.72687530517578,1.1812822079790457,-0.0017160114226103529,0.031014690479978402,3115914.239023503
2021-04-07,,,,,
2021-04-08,108.21290588378906,1.1723482052572967,0.03716973841735349,-0.007286779190685433,900467.3357588961
2021-04-09,106.06359100341797,1.1485453407024793,0.03041296814339778,-0.01986190891758577,1493960.7220997205
2021-04-12,102.97981262207031,1.114187561170018,0.009157561876251608,-0.02907480646443772,2831118.474145351
2021-04-13,103.07325744628906,1.1131500001035581,-0.0217295234178162,0.000907409149807803,627554.8985158422
2021-04-14,102.97981262207031,1.1115254466995035,-0.010771981108339768,-0.0009065865049180388,1071723.2124935423
2021-04-15,,,,,
2021-04-16,,,,,
2021-04-19,105.17584991455078,1.1326712065895976,-0.0026583028229708594,0.013964062464487892,891799.1154389053
2021-04-20,102.18550109863281,1.099424014799796,-0.060163360605945515,-0.028431895899557302,1269233.8061047376
2021-04-21,103.40032958984375,1.112023390765793,-0.05143593195702567,0.011888462434982205,1061442.6810849032
2021-04-22,101.85842895507812,1.0951703399458386,-0.058721987703898026,-0.014911950869807233,957171.7435377104
2021-04-23,102.32567596435547,1.0991163052040525,-0.03524220709198922,0.004587219870467507,1269045.527995622
2021-04-26,106.76445770263672,1.1465864954078122,0.036751330034516805,0.043378963260672476,2323666.661420958
2021-04-27,111.6237564086914,1.196439574907292,0.08295555194671089,0.04551419836355031,4031729.6823401055
2021-04-28,113.49272155761719,1.215498542005608,0.10208708549634493,0.01674343534975553,3023882.783453323
2021-04-29,111.39013671875,1.191878491916679,0.08659983342421751,-0.018526164585803473,1281401.1706537867
2021-04-30,109.10066223144531,1.1667386354111509,0.051801823171743866,-0.02055365542000731,689493.3291587268
2021-05-03,107.97928619384766,1.152199940618817,0.026654752793293435,-0.010278361420197224,1739149.5948948134
2021-05-04,106.8111801147461,1.1400578661271352,0.0452674691260595,-0.010817871837053517,1204575.5289120204
2021-05-05,108.25962829589844,1.1551735252002666,0.04699500209844576,0.013560829302665667,752633.4629407842
2021-05-06,110.72698211669922,1.1815052870489386,0.08706744500774044,0.022791079737101372,1113621.6502747969
2021-05-07,116.61921691894531,1.2431073479217678,0.13968674841267514,0.05321408286948581,3979390.686007655
2021-05-10,117.42057037353516,1.2530067199712525,0.09980955179464446,0.006871538634553032,3319942.8920343905
2021-05-11,115.72360229492188,1.2326909858445194,0.03672915173379021,-0.0144520510606867,1309006.7869796106
2021-05-12,113.27243041992188,1.205946916732572,-0.001941015552997194,-0.021181261440109567,814320.6670680271
2021-05-13,118.22190856933594,1.2577467262976652,0.061331928048850015,0.04369534697070976,1633252.3778865172
2021-05-14,123.4070816040039,1.3126836599026694,0.13113045402244272,0.04385966270902242,6944997.183102696
2021-05-17,128.45083618164062,1.3662071097959276,0.18958775066397293,0.0408708682847021,4050111.6002983875
2021-05-18,127.27239990234375,1.3525958382997942,0.1915644014570046,-0.009174220381332976,4523947.634345051
2021-05-19,127.22525024414062,1.3514824157493852,0.1751864683703217,-0.00037046255306960596,1873913.2393164656
2021-05-20,131.37338256835938,1.3943331117765245,0.18646223401898698,0.03260463089094845,2418286.8488179334
2021-05-21,127.41380310058594,1.3519552933325525,0.09256267077443381,-0.030139891280587916,2265216.06406054
2021-05-24,,,,,
2021-05-25,,,,,
2021-05-26,129.06361389160156,1.3681256541012754,0.13940888716820887,,1421285.8831815354
2021-05-27,131.3262481689453,1.3898018580883749,0.11084527189749949,0.01753115544435402,2196694.6235666526
2021-05-28,137.0770721435547,1.4505219100898545,0.11077152430697512,0.04379036220703725,4183147.4887603913
2021-05-31,136.8413848876953,1.4471876902184948,0.0653210905858932,-0.0017193776623164458,1043739.8796992033
2021-06-01,141.8851318359375,1.4989990817424192,0.11481461766106493,0.03685834480834549,5437310.596668425
2021-06-02,142.26223754882812,1.5021256184353056,0.11819184694730067,0.0026578240299812705,4674998.420233862
2021-06-03,148.01307678222656,1.561606262836499,0.12665955529620931,0.04042421469312685,4385153.628930214
2021-06-04,155.4137420654297,1.639832855510597,0.21975593133139104,0.05000007731811307,3995847.651663665
2021-06-07,,,,,
2021-06-08,,,,,
2021-06-09,159.27903747558594,1.6768605497746654,0.23411264161068535,0.04548257555916013,3067838.8147545126
2021-06-10,160.8345947265625,1.6916800520622726,0.22469496364242447,0.009766239648547614,4418486.140998059
2021-06-11,153.48106384277344,1.6137534734312171,0.11966984297738414,-0.04572107696289418,2018930.567212443
2021-06-14,155.2251739501953,1.6297311806990502,0.13434378114184864,0.011363682683412701,2462178.418178893
2021-06-15,155.5551300048828,1.6330069765141009,0.09634552959891529,0.002125660717850808,3399696.1718012975
2021-06-16,159.13763427734375,1.6707092006395754,0.11862175809461406,0.023030447612679028,3062774.9409708492
2021-06-17,156.35650634765625,1.6401508236891853,0.05636954346747003,-0.01747624276505566,3817539.519394624
2021-06-18,152.3968963623047,1.598001965732443,-0.019411704930538898,-0.025324241874191245,4503908.543928674
2021-06-21,,,,,
2021-06-22,155.69654846191406,1.632502553155483,0.02196768056552245,,3921214.047304943
2021-06-23,153.71676635742188,1.610309313565465,-0.03492155155079113,-0.012715645427274658,3529279.4716199692
2021-06-24,153.19825744628906,1.604317529867968,-0.047479444912060687,-0.003373144800139616,2163737.2089135484
2021-06-25,146.59893798828125,1.5347681417376526,-0.044840227727000026,-0.04307698774133584,3769019.3309511896
2021-06-28,145.13768005371094,1.5181439199771072,-0.06498619804878425,-0.009967725241550651,3600523.5551615134
2021-06-29,140.04676818847656,1.4649622034008258,-0.09969688441595881,-0.035076431312326295,3685670.447070747
2021-06-30,138.20838928222656,1.444758649969698,-0.1315166276673554,-0.013126892751826214,2819884.738001932
2021-07-01,136.69998168945312,1.4279222928705275,-0.12571606463562923,-0.010914008915140605,1840798.6804903706
2021-07-02,138.30267333984375,1.4440345204224223,-0.09248366179947443,0.011724154097046746,2264937.5910863113
2021-07-05,,,,,
2021-07-06,136.60569763183594,1.4245097391507766,-0.12261576135548091,-0.03720921378997055,977786.9094277311
2021-07-07,137.45419311523438,1.4329040411011935,-0.10579570223571966,0.006211274479086537,1651813.7647168513
2021-07-08,134.20167541503906,1.3985522352898976,-0.12399998764940368,-0.023662557150719854,1779257.8041244182
2021-07-09,,,,,
2021-07-12,139.66964721679688,1.454903312767032,-0.03767479840445642,,2554009.4755620323
2021-07-13,139.43397521972656,1.4507946702813925,-0.0043756309172754415,-0.001687352991623814,992202.61003041
2021-07-14,139.38685607910156,1.4498631906268342,0.008526738521411614,-0.00033793155901029603,2561112.2118805796
2021-07-15,136.55856323242188,1.4199982764810224,-0.001034517015170655,-0.02029095803032277,1691054.909758423
2021-07-16,134.6730499267578,1.3999540212449706,-0.026244058234269008,-0.013807360454246465,944911.9762791962
2021-07-19,132.36326599121094,1.3753013708672344,-0.0671096803556327,-0.017151047940200725,2239537.850389761
2021-07-20,134.53163146972656,1.3967435460830446,-0.015182867172196302,0.01638192788820736,1794396.4320620582
2021-07-21,140.4238739013672,1.4574491735511097,0.02160487591413962,0.0437981935346301,2072682.6220150136
2021-07-22,139.05686950683594,1.4428012604307114,0.036178341863329466,-0.009734843204022625,1610551.3269151861
2021-07-23,,,,,
2021-07-26,139.66964721679688,1.448494640512703,0.0,0.02384232895917493,1283941.2303471954
2021-07-27,138.7740478515625,1.4382282739612857,-0.004732902200658917,-0.006412269115595448,1186118.3136963774
2021-07-28,140.51815795898438,1.45474265427617,0.008116273741340496,0.012567984680301514,1708079.5381333893
2021-07-29,139.15115356445312,1.4402910239867084,0.0189851904608771,-0.009728311375461263,2233140.425547136
2021-07-30,134.39022827148438,1.390799758503637,-0.0021000612626449477,-0.03421405551455636,6152210.576495171
2021-08-02,134.20167541503906,1.3869033828511503,0.013889121049265984,-0.0014030250478064277,1513609.107493001
2021-08-03,137.26564025878906,1.4180144887604509,0.02032242350140323,0.022831047632410062,1913085.8406823846
2021-08-04,135.33297729492188,1.3978002569603134,-0.0362537826724616,-0.014079728621259502,1305645.763370692
2021-08-05,137.40704345703125,1.4189073828733796,-0.01186439803841255,0.015325652354410968,1467463.009782025
2021-08-06,137.0770721435547,1.4154062657284256,0.00483756912850386,-0.0024014148414432945,1098549.1439619337
2021-08-09,136.22860717773438,1.4041282511857276,-0.024636992414832082,-0.006189692795099622,573676.1667779357
2021-08-10,142.78076171875,1.4719107437463046,0.028872212990956436,0.04809675938672098,3180604.834982739
2021-08-11,146.6932373046875,1.5120243253637096,0.0439450632957028,0.02740198006258221,4329515.731641728
2021-08-12,144.572021484375,1.4903515337692936,0.03895668689092835,-0.014460215476100324,1822264.5997400256
2021-08-13,141.9794464111328,1.4630238338324562,0.05647150270715606,-0.017932757988878167,1848921.7203163775
2021-08-16,,,,,
2021-08-17,139.81106567382812,1.439742539972638,0.01854379151432317,,1457307.7039081631
2021-08-18,138.11410522460938,1.4208072630813808,0.02055026044115449,-0.012137526032293233,2668622.1108925818
2021-08-19,140.70669555664062,1.4465280081852179,0.024013704222092702,0.018771365370792603,2155899.733740968
2021-08-20,144.7605743408203,1.4881726757532596,0.05605242421007528,0.028810844914965772,2448306.1807219693
2021-08-23,149.85145568847656,1.5408000896490843,0.09999991039304068,0.035167595671943275,2365377.392571508
2021-08-24,160.26893615722656,1.6454207407592956,0.12248270865037703,0.06951871385491715,6733472.82031692
2021-08-25,166.53826904296875,1.7097359070464884,0.13528252633120608,0.03911757971358765,7112166.248158404
2021-08-26,167.66958618164062,1.7206678381402922,0.15976510849135472,0.006793136167279279,8107144.032372663
2021-08-27,170.12075805664062,1.7452121807413432,0.19820694020751728,0.014619060801787764,6655130.870020483
2021-08-30,,,,,
2021-08-31,177.9927978515625,1.822423934108011,0.2730952088356893,-0.014356506461471463,5014586.271055772
2021-09-01,175.0702362060547,1.791029174964037,0.26757680485526847,-0.016419550008675565,4532350.10178921
2021-09-02,172.90188598632812,1.7684978328091034,0.22881064971586595,-0.012385601726009221,3224167.4490301437
2021-09-03,172.33624267578125,1.7612595182626507,0.19049156485133545,-0.003271469870442023,1636300.2423827993
2021-09-06,175.7301788330078,1.795063057928002,0.17269584086210044,0.01969368778459235,1225117.3565499787
2021-09-07,187.3260955810547,1.9124130421820535,0.16882347928786778,0.06598705370388425,6637679.628381204
2021-09-08,186.0533905029297,1.8994022857149797,0.11718100333398929,-0.006794061842677501,6189285.596503477
2021-09-09,183.27223205566406,1.8698013984914104,0.09305590971710687,-0.014948173960967592,5543228.63825773
2021-09-10,180.25540161132812,1.8390484803576799,0.05957323298144046,-0.016460924879332817,4064607.093829681
2021-09-13,194.208251953125,1.9788536573462037,0.07543733364270233,0.07740600402024245,14080007.059902254
2021-09-14,189.2116241455078,1.927200443733129,0.06302966428619916,-0.025728195158376654,6044186.154613019
2021-09-15,185.4877166748047,1.8894132989809276,0.05950457767412165,-0.019681177028739838,4105859.4680368123
2021-09-16,187.75035095214844,1.9112706739130696,0.08587798149867742,0.012198297105088463,4281349.0838496545
2021-09-17,186.71331787109375,1.89909537161622,0.08342455987252961,-0.005523468136253928,3399816.6502778954
2021-09-20,170.35646057128906,1.7297770767068712,-0.030579370586228505,-0.08760412747363533,6804631.307056073
2021-09-21,168.7066192626953,1.7143534188464586,-0.09939606257529054,-0.00968464185661655,2877525.3889720477
2021-09-22,174.1274871826172,1.7689205887612747,-0.06409936033992736,0.032131921934141605,3677654.7499041827
2021-09-23,173.18472290039062,1.758455848801357,-0.05504112129877714,-0.005414218613502553,1990224.4143633498
2021-09-24,170.87496948242188,1.7347691503565874,-0.05203967284782185,-0.013336935148126394,1453393.0517431244
2021-09-27,177.52142333984375,1.800600869039001,-0.08592234596349113,0.03889659133548884,1257510.7592171447
2021-09-28,177.33287048339844,1.798619087827933,-0.06278025314646818,-0.0010621414187534928,1067319.5642318502
2021-09-29,180.06686401367188,1.8258464047535645,-0.029224860590831514,0.015417296989671092,1500152.748232804
2021-09-30,182.7537384033203,1.8519813150138071,-0.02661306635906957,0.014921537087714487,3043790.3724810905
2021-10-01,186.3833465576172,1.8875950787054396,-0.001767261795992403,0.019860650654853762,1980515.241669735
2021-10-04,185.39344787597656,1.876979374578054,0.08826778423466353,-0.005311089750900111,1366108.0123281302
2021-10-05,184.49781799316406,1.865512812212065,0.09360153620220468,-0.0048309683706386775,1735496.4800080357
2021-10-06,185.4877166748047,1.8755094966802668,0.0652408742352859,0.005365367961572831,1054140.6876706325
2021-10-07,185.1577606201172,1.8719900477605596,0.0691344913062164,-0.001778856630522796,1230420.9003474824
2021-10-08,,,,,
2021-10-11,,,,,
2021-10-12,185.7705535888672,1.8772757792044803,0.04758104395687135,,1672300.8191927378
2021-10-13,185.58201599121094,1.873731042523731,0.030628355792992057,-0.0010148949551687103,1841687.1215291251
2021-10-14,187.7032012939453,1.8945902799258887,0.027082690257761,0.011429907641669512,3695359.6288119853
2021-10-15,197.22506713867188,1.9898983033790492,0.05816893398092926,0.05072830819659391,6056002.858293548
2021-10-18,199.58197021484375,2.0112462626700562,0.07653195137920377,0.011950322088189136,4276498.844041935
2021-10-19,202.55166625976562,2.04066435082065,0.09785399341292211,0.014879580764360023,3184785.050312928
2021-10-20,214.5718231201172,2.160440814383687,0.1567980185787854,0.059343658249328524,6734884.731662213
2021-10-21,213.3462371826172,2.1479040625391415,0.1522403191100019,-0.005711774825224447,3319050.7924286677
2021-10-22,,,,,
2021-10-25,,,,,
2021-10-26,221.45396423339844,2.225994521099783,0.19208324438491453,-0.01032235495322742,3111883.6484739217
2021-10-27,210.8950653076172,2.1177112007715237,0.1363981805090697,-0.04767988219281927,3712677.5851633605
2021-10-28,215.70314025878906,2.164408811666544,0.14917134482429817,0.02279842320709924,2257357.4798117303
2021-10-29,207.45399475097656,2.0814017671576073,0.05186423693856601,-0.03824304781986765,3787120.9366330565
2021-11-01,217.6357879638672,2.1783425893552595,0.0904581597705898,0.04907976452857721,2451555.4125647503
2021-11-02,226.78054809570312,2.272261931948446,0.11961827953992143,0.04201864140724032,4672152.557320527
2021-11-03,237.0094757080078,2.3734746324261455,0.104569426971453,0.04510496027193667,5284642.03218074
2021-11-04,230.92868041992188,2.3115929880596866,0.0824127177938212,-0.025656338295846792,5818988.419251893
2021-11-05,231.77716064453125,2.3195967579583443,0.07404978427079967,0.003674208950861013,2309112.123285946
2021-11-08,242.28892517089844,2.424780386427967,0.0827890740819035,0.045352891963711395,3122952.295538847
2021-11-09,239.83773803710938,2.3971779284228276,0.0830139747886185,-0.010116793956059356,3571155.497363736
2021-11-10,242.85458374023438,2.426074443887844,0.15154227713199542,0.012578694778459854,5199490.437222244
2021-11-11,241.06333923339844,2.4067424118767033,0.11756991087002056,-0.00737579039789471,5316422.731728138
2021-11-12,234.60543823242188,2.341364862640835,0.13087934755865915,-0.026789229011401017,4574288.33489996
2021-11-15,226.12062072753906,2.256292656195068,0.03898638566319135,-0.03616632917297069,7057405.912067837
2021-11-16,209.57521057128906,2.0896739129956385,-0.07586778349769785,-0.07317072676970127,6477182.690449333
2021-11-17,200.8546905517578,2.0020431083167627,-0.15254573703539243,-0.04161045572021449,6371588.898268
2021-11-18,207.45399475097656,2.0672261427611995,-0.1016534006354638,0.03285611195382154,4591332.542192381
2021-11-19,197.6021728515625,1.9680850712106552,-0.14744760742574536,-0.04748918868127838,4511649.255023157
2021-11-22,,,,,
2021-11-23,188.740234375,1.8781771134043803,-0.21305030676282988,,6052660.982918216
2021-11-24,189.4944610595703,1.8838527493469335,-0.21972046752776098,0.003996109716976282,4721348.066754518
2021-11-25,192.98265075683594,1.917842942654898,-0.19945251164886002,0.018407871542847065,927175.7256420517
2021-11-26,183.3193817138672,1.8201478708712446,-0.21860557412887405,-0.05007325272542129,5348793.572352876
2021-11-29,176.6729278564453,1.7520892761164362,-0.21867838816290475,-0.03625614376005237,5387765.105993355
2021-11-30,178.5113067626953,1.7690156619488568,-0.14822317832302523,0.010405549557336524,2414733.8874133267
2021-12-01,197.08364868164062,1.951985421843206,-0.01877497538025097,0.10404014320299915,7740858.499397226
2021-12-02,195.7637939453125,1.937982839970827,-0.056350810789142614,-0.006696926635756384,7633825.39886308
2021-12-03,193.12408447265625,1.9103308598209858,-0.02266214138379019,-0.013484155672798592,4120133.404715589
2021-12-06,,,,,
2021-12-07,200.80755615234375,1.9820420927095876,0.0639361385626327,0.020359231295270286,3390980.614545976
2021-12-08,,,,,
2021-12-09,193.3126220703125,1.9056460237261243,0.0017098496273240116,,2585583.7816485115
2021-12-10,187.9860382080078,1.8514418603882348,0.025456427195595488,-0.02755424764952641,2348284.4975751615
2021-12-13,177.14430236816406,1.7449962273097417,0.002668063055488501,-0.05767309074223537,3777021.0724505032
2021-12-14,183.4136505126953,1.8033927701317232,0.027462371089563176,0.035391192720957365,4620579.96184602
2021-12-15,180.0197296142578,1.7687798395017826,-0.08658211465806098,-0.01850418924082531,3517172.1299567325
2021-12-16,187.7032012939453,1.8428656161321735,-0.04117509417302645,0.04268127552547418,4250258.139527654
2021-12-17,185.29917907714844,1.8183240249432029,-0.04051750156835421,-0.01280757174211511,3210192.7955374033
2021-12-20,184.5921173095703,1.8062817776017006,-0.062035938636360144,-0.003815784673734224,2326896.417083964
2021-12-21,188.08030700683594,1.8409266114633236,-0.06338032985099529,0.018896742440067227,2036395.1550759047
2021-12-22,,,,,
2021-12-23,187.84461975097656,1.8381727156331469,-0.02828580079653098,0.0037782996379638334,1626958.8415901964
2021-12-24,,,,,
2021-12-27,188.64596557617188,1.8419977714345204,0.06492821419739236,,1884619.0462332352
2021-12-28,182.0937957763672,1.7751961414984154,-0.007196055106251542,-0.034732626164533764,3876482.121569719
2021-12-29,185.72341918945312,1.8095841320501793,0.03168369148991079,0.01993271323501622,4028329.111845207
2021-12-30,184.16787719726562,1.793582179852658,-0.018834649980973617,-0.008375583429253597,3818135.232848675
2021-12-31,,,,,
2022-01-03,189.7301483154297,1.8453002216929064,0.02783450929945519,,1878326.3334112584
2022-01-04,185.95909118652344,1.8050719448498267,-0.011278245203180215,-0.01987589828178915,1483588.0326242049
2022-01-05,182.0937957763672,1.7659340393925633,-0.02695216428697167,-0.020785729729552282,1777308.7520281826
2022-01-06,183.9321746826172,1.7829996755354802,-0.020828092247443974,0.010095780025958456,1666233.0499130238
2022-01-07,,,,,
2022-01-10,185.5348663330078,1.7967986322976839,-0.016491734841304395,-0.006060561968532885,1203012.361762161
2022-01-11,188.64596557617188,1.8226396724609444,0.035982389031263384,0.016768272749231317,1713158.9094220235
2022-01-12,188.2688751220703,1.817656913012064,0.013705627129450004,-0.0019989319832514063,1104292.620397953
2022-01-13,187.2789764404297,1.8058655083031956,0.016892735532981762,-0.00525789874188598,1440748.8998813212
2022-01-14,,,,,
2022-01-17,184.7335205078125,1.7762722198695264,-0.02633544458791126,-0.008851788962243368,181479.49479410332
2022-01-18,178.13421630859375,1.7110958767311035,-0.042078474507498353,-0.03572337159535521,1876722.005842255
2022-01-19,180.11399841308594,1.72891200529601,-0.0108724042729752,0.011113991155200065,1403591.6916775473
2022-01-20,184.49781799316406,1.7698197066043955,0.0030752820245991686,0.024339138649423386,2080141.6536148682
2022-01-21,178.55844116210938,1.7118518702366354,-0.0434343680400322,-0.03219212506499536,1129031.1175620381
2022-01-24,171.15780639648438,1.6392619257544696,-0.07748980135474226,-0.04144656907542177,2761502.188300527
2022-01-25,186.57188415527344,1.7847169294132734,-0.010994570780051838,0.09005769636403604,4418876.644613669
2022-01-26,187.56178283691406,1.792241636260488,-0.003755757741144339,0.005305722703731641,3224177.7834042837
2022-01-27,188.31600952148438,1.7980968273458318,0.005537370508774453,0.004021217292576651,1537886.7997616397
2022-01-28,198.16783142089844,1.891034975434822,0.06322713418839854,0.05231537097906758,5914137.833898779
2022-01-31,203.73011779785156,1.9432753716029263,0.10283243256459063,0.02806856358608023,4053405.0751747196
2022-02-01,203.16445922851562,1.9331700136944678,0.14051339174816535,-0.002776509312664377,2337634.749737967
2022-02-02,198.45065307617188,1.88733630396432,0.10180582755723067,-0.02320192306392399,1495067.4366380493
2022-02-03,193.07693481445312,1.8349117770471635,0.046499828098817586,-0.027078360178820593,1229815.3088259692
2022-02-04,192.32272338867188,1.8258541404403714,0.07708558686433764,-0.0039062740793252,1430876.1260373746
2022-02-07,195.52809143066406,1.8519238936113755,0.1423848876499756,0.016666611129015463,1198853.5657899557
2022-02-08,191.23855590820312,1.8090499143968135,0.025012727796895007,-0.021938205866352645,1305936.5213556408
2022-02-09,187.6560821533203,1.7729194435165305,0.0005027640224994911,-0.018733009867541783,1387917.337787127
2022-02-10,188.69309997558594,1.781110723286392,0.0020024343923799037,0.005526161531062668,988182.8647921775
2022-02-11,185.8648223876953,1.752295686197679,-0.06208378496645173,-0.014988770592335166,3023343.2653340898
2022-02-14,183.22511291503906,1.7238185630362597,-0.10064788213178333,-0.014202308100830785,3746982.2502024146
2022-02-15,185.44058227539062,1.7429977959887513,-0.08723906248380531,0.012091515868672742,1465347.288020509
2022-02-16,192.46414184570312,1.8077208197271424,-0.03016624605498741,0.03787498660828237,3313869.5696462104
2022-02-17,188.64596557617188,1.7697534087987574,-0.022949241671665233,-0.019838377335723356,1865576.0243520641
2022-02-18,190.62574768066406,1.7861372296586058,-0.008823584016010022,0.010494696234003342,3175260.8435295993
2022-02-21,191.9927520751953,1.796123259076381,-0.018080979206624215,0.007171142467182534,847988.0540849234
2022-02-22,196.80084228515625,1.8371274749682067,0.029085590771889658,0.025043081876746198,3254728.8072835472
2022-02-23,199.15771484375,1.8571396105964553,0.061291020032233856,0.011975927192317215,3802843.57911915
2022-02-24,192.98265075683594,1.798010308359246,0.022732949863058183,-0.031005899479007004,4185888.4400564265
2022-02-25,188.17459106445312,1.7519947884473275,0.012427142732474028,-0.024914466007833647,2870170.7393753985
2022-02-28,,,,,
2022-03-01,,,,,
2022-03-02,191.23855590820312,1.776717770898068,-0.006367866376286058,,2998291.842393048
2022-03-03,193.87828063964844,1.7958762750658488,0.027736162008531462,0.013803308223643063,3492926.1294726245
2022-03-04,183.64935302734375,1.6992164343439355,-0.036597336604324626,-0.0527595333451335,5982291.801770019
2022-03-07,174.88168334960938,1.6107817603638632,-0.08912351399017537,-0.047741358916897125,4200698.061795677
2022-03-08,177.7571258544922,1.6383928799552652,-0.096766437630742,0.01644221653067257,2067564.930233297
2022-03-09,181.6695556640625,1.6726051398743291,-0.0878106037388906,0.022009974513049535,2567958.8879125514
2022-03-10,188.17459106445312,1.730597880027963,-0.024914466007833647,0.03580696488529722,2794270.924163105
2022-03-11,184.87493896484375,1.6989063428885103,-0.01753505657136878,-0.01753505657136878,1879809.9913193514
2022-03-14,,,,,
2022-03-15,,,,,
2022-03-16,186.71331787109375,1.7076517560714877,-0.02366279130073301,0.056266599059770384,2406087.0057565914
2022-03-17,191.61566162109375,1.7505306170195896,-0.01167030680842529,0.026255993979950487,2297334.3811256886
2022-03-18,188.45741271972656,1.7197900684759482,0.026180651405109723,-0.01648220648901022,2382152.834022468
2022-03-21,192.2284393310547,1.7515602692704284,0.0991913827062556,0.020009967010087282,4001908.409278523
2022-03-22,195.5752410888672,1.7776956098473025,0.10023854261100329,0.01741054429541844,3701620.3487424813
2022-03-23,193.92539978027344,1.7609833650482836,0.06746228927247477,-0.008435839318966187,5509740.671079581
2022-03-24,,,,,
2022-03-25,201.46749877929688,1.8229543996170952,0.08975018413722591,,7409765.136650377
2022-03-28,196.09375,1.7710471205942795,0.11200207185146982,-0.026673030696547695,1193001.828835694
2022-03-29,192.98265075683594,1.7426669208194334,0.09173320101993876,-0.015865366658366575,1833592.2548373644
2022-03-30,195.85806274414062,1.7668539994040722,0.048977464367915946,0.014899847090025675,2294456.710199485
2022-03-31,194.06683349609375,1.7493800943501028,0.012792126980972096,-0.009145547663191422,2105761.330554852
2022-04-01,197.55503845214844,1.7787721500974605,0.04827417293450709,0.01797424574418538,1859852.3551324569
2022-04-04,196.32945251464844,1.763360259939485,0.0213340606513015,-0.006203769577847851,1481363.4437288705
2022-04-05,189.35305786132812,1.6962154498100201,-0.03181477978959402,-0.03553412167132586,2612117.8718883125
2022-04-06,187.7974853515625,1.6803260634209582,-0.031599338898639084,-0.00821519613855326,3176541.0466144374
2022-04-07,,,,,
2022-04-08,185.06349182128906,1.6515870654497617,-0.08142259698165033,-0.0017797611429516413,1668087.5237106704
2022-04-11,180.4439697265625,1.6067117126685886,-0.07980764442231081,-0.024961822827743396,3111233.987478785
2022-04-12,181.00962829589844,1.607158170720649,-0.06204196291211628,0.003134815589532325,4369778.180301102
2022-04-13,179.59548950195312,1.5919234474598543,-0.08303244203651772,-0.007812505927218383,2539762.931163971
2022-04-14,,,,,
2022-04-15,,,,,
2022-04-18,181.6695556640625,1.5915666687861543,-0.07466988097209781,,1561487.5829013628
2022-04-19,182.8951416015625,1.605962890520248,-0.034105159603469715,0.006746237326447302,1070772.5158376521
2022-04-20,184.12074279785156,1.6170881189044661,-0.019578231022784776,0.0067011140129629165,1089681.5633512987
2022-04-21,181.4810028076172,1.591635261023383,-0.021103470015707892,-0.014337004892124416,1159617.8674885086
2022-04-22,182.0466766357422,1.5948610967208197,-0.0163015144470533,0.003116986457941673,1371364.6220691977
2022-04-25,182.8008575439453,1.5973254531144128,0.013061604779335934,0.004142788663547892,2824510.9662271487
2022-04-26,179.6897735595703,1.5658367296836093,-0.007291627239687681,-0.01701897915674222,1257140.9339990087
2022-04-27,179.8311767578125,1.564800555303582,0.0013123228011626686,0.0007869295811389065,1201228.477658253
2022-04-28,,,,,
2022-04-29,,,,,
2022-05-02,174.26890563964844,1.5081889596140379,-0.04073687524231695,-0.006716838355633525,2127657.5072132116
2022-05-03,178.7941436767578,1.5440649878234898,-0.022422672843539604,0.02596698487604332,2238190.7630520696
2022-05-04,178.69985961914062,1.5413117067937807,-0.0294420014623914,-0.0005273330304802482,1117224.2610571235
2022-05-05,177.04054260253906,1.5252017065540129,-0.024467906482670942,-0.009285497034737689,3565856.0281381365
2022-05-06,178.70887756347656,1.5378627664595812,-0.01833485309344174,0.009423462764023283,771464.5406251876
2022-05-09,173.90011596679688,1.490844054359249,-0.04869091806644665,-0.026908353195669532,1366270.2492779433
2022-05-10,173.0659637451172,1.4813135368194832,-0.03686247516059793,-0.004796731831041234,1728672.3378047969
2022-05-11,176.4517059326172,1.5080622642131094,-0.018792463498955025,0.01956330473209822,1708934.9229274606
2022-05-12,179.00328063964844,1.5278378227966487,-0.0027739357151108646,0.0144604706060798,1278260.2190269579
2022-05-13,188.9152069091797,1.6101999096108726,0.07676291024322413,0.05537287492224774,4226075.3932495
2022-05-16,193.28233337402344,1.6445538898013756,0.10910396013899804,0.023116860396226402,4596218.267340907
2022-05-17,195.4904327392578,1.657761601089541,0.09338275135389917,0.011424217240597168,3357688.3343110997
2022-05-18,,,,,
2022-05-19,190.48541259765625,1.612012596881178,0.07594232257467315,,1401344.4857506715
2022-05-20,187.639404296875,1.5846928613428533,0.04997248516781916,-0.01494082020229337,1971830.025646265
2022-05-23,192.30096435546875,1.6208286815977484,0.10581274363373727,0.024843182998057545,2368903.1591354725
2022-05-24,194.50904846191406,1.6347751039613048,0.12390122386153979,0.011482439070683359,2172348.0011213026
2022-05-25,,,,,
2022-05-26,196.8643798828125,1.6512571346046205,0.09978084859305025,,2018465.4394643141
2022-05-27,194.65626525878906,1.6292718904761856,0.030389604116779045,-0.011216425365207616,1699688.857244527
2022-05-30,194.2637176513672,1.6237028942628668,0.005077464971641632,-0.0020166194337489785,586767.0354760807
2022-05-31,191.36865234375,1.5936395035623512,-0.021084307491432974,-0.01490275869636537,3329370.6450963905
2022-06-01,,,,,
2022-06-02,188.08103942871094,1.5623103015089455,-0.012622348011623541,0.005245330972824203,1255181.3874812028
2022-06-03,187.2959442138672,1.5558904414576873,-0.0018304262065573784,-0.004174239026051962,655060.5008559185
2022-06-06,183.51763916015625,1.5184687306856,-0.04567488896767313,-0.020172914419313903,1871690.1949387812
2022-06-07,183.4194793701172,1.51388410618993,-0.05701312704724004,-0.0005348793199840829,1772711.3021790246
2022-06-08,,,,,
2022-06-09,172.32994079589844,1.418129206039921,-0.12462609590175067,-0.03036990611759549,3385956.538093601
2022-06-10,176.54983520507812,1.4508291494691532,-0.09301745325093458,0.024487296808031633,3251490.1405042685
2022-06-13,172.13363647460938,1.4079047513430787,-0.11391772712016801,-0.025013893246283447,2464173.2294384465
2022-06-14,173.21316528320312,1.4152973094922816,-0.0948717924184087,0.006271457634330346,2561701.759175382
2022-06-15,176.01010131835938,1.4357465789273502,-0.059270763859223474,0.01614736403311645,2729289.7295825863
2022-06-16,173.85105895996094,1.4158398058641026,-0.07565877194199389,-0.012266582100837864,2693071.8286809553
2022-06-17,,,,,
2022-06-20,,,,,
2022-06-21,173.26223754882812,1.4059876769427422,-0.055377116193820575,,1381546.7440582882
2022-06-22,172.5261993408203,1.3940866905302938,-0.029265639555099532,-0.004248116718453376,2557058.569174671
2022-06-23,169.6311492919922,1.3685584202997025,-0.01566060715533235,-0.016780350230222396,2291169.047370137
2022-06-24,166.73606872558594,1.3429276886427266,-0.05558638142081884,-0.01706691594373888,1895277.9126689981
2022-06-27,170.51437377929688,1.3711825036365188,-0.00940700916146242,0.022660394254162552,2346864.0442728098
2022-06-28,173.94920349121094,1.3942643692142047,0.004249320233854048,0.02014393060118147,3351639.598525061
2022-06-29,175.71568298339844,1.406268868658339,-0.001672735443907336,0.010155145621444372,886888.0716134881
2022-06-30,172.9187469482422,1.3819727789049563,-0.005362705394469147,-0.015917395577152327,1895840.9794171578
2022-07-01,,,,,
2022-07-04,,,,,
2022-07-05,183.5666961669922,1.4561700564908655,0.05947319372035764,0.06672358707456882,3012387.9342598133
2022-07-06,183.2722930908203,1.4514129926282122,0.062286735528042314,-0.0016037935111282708,1791230.043294797
2022-07-07,189.4058837890625,1.497899169060812,0.11657490136455628,0.03346709202357556,3713788.1105701798
2022-07-08,195.68670654296875,1.5454551083183226,0.17363152459249687,0.033160652817422864,3407510.312145307
2022-07-11,192.05560302734375,1.5130545740802268,0.12633087035775925,-0.018555698441517166,1251064.9992388994
2022-07-12,186.85430908203125,1.466008200936385,0.07418893177899699,-0.02708222964248519,3100764.0940612643
2022-07-13,181.8983612060547,1.4245662595705808,0.03518569383041581,-0.026523059063095156,2313713.9903634503
2022-07-14,179.24862670898438,1.401374017754254,0.03660609316488306,-0.014567115830519728,1126358.6085522017
2022-07-15,187.09963989257812,1.460487404322401,0.04810324846512559,0.04379957229095033,1180304.976003565
2022-07-18,190.28912353515625,1.4825710811352213,0.10578825395451719,0.01704697905570174,1377032.5019539539
2022-07-19,190.43634033203125,1.4765690668531528,0.03742315086822545,0.0007736479843936106,1250835.5775507472
2022-07-20,185.62757873535156,1.436121741568023,0.012851291402591336,-0.025251281285365357,3838744.05038623
2022-07-21,195.6376495361328,1.5108793620939784,0.032901648155822416,0.053925558200877965,2685490.8938983683
2022-07-22,197.7966766357422,1.5254560132438197,0.010782388492547534,0.0110358466518512,5453506.37214258
2022-07-25,210.35830688476562,1.6191683962753474,0.09529898409064397,0.06350779225758507,4103417.0029047285
2022-07-26,210.50550842285156,1.6130335804026281,0.12657561635593395,0.0006997657485738884,3213218.541820559
2022-07-27,221.44786071777344,1.6937152356161036,0.21742636519367564,0.05198131097330472,4524312.466770803
2022-07-28,226.1094207763672,1.7260165735905948,0.2614290269763837,0.021050372956796126,7964467.077271216
2022-07-29,221.6441650390625,1.6895477141907227,0.1846317030129927,-0.019748207403180396,5050498.76376764
2022-08-01,214.43101501464844,1.6299538337859685,0.12686952901452586,-0.03254382998597238,3056873.0864925846
2022-08-02,221.6441650390625,1.678854888559977,0.16387536461065944,0.03363855748162781,4337314.461394047
2022-08-03,221.39881896972656,1.673940450299691,0.19270434101483325,-0.0011069367393122809,2282478.0272451467
2022-08-04,219.1907196044922,1.6540650645776545,0.12039129545976945,-0.009973401734976295,3975160.830666747
2022-08-05,218.06211853027344,1.6425935706191348,0.10245592716328411,-0.0051489455222155645,1840438.4390543818
2022-08-08,224.09759521484375,1.6810973296022007,0.06531374269714241,0.02767778615217109,1936115.2929981984
2022-08-09,218.84722900390625,1.6370972612426582,0.03962708930304237,-0.023428927052536852,1291698.7278550328
2022-08-10,215.4614715576172,1.6088900293586985,-0.027032950965309444,-0.01547087190319707,1093273.6923502167
2022-08-11,218.7490692138672,1.6311061704600158,-0.03255216672187988,0.015258401571674352,2299400.009871341
2022-08-12,225.7168731689453,1.6795271213602043,0.01837498464787024,0.03185295361538576,3266054.913947348
2022-08-15,,,,,
2022-08-16,228.07217407226562,1.6906363240523592,0.029001480964185422,,3580087.1388735673
2022-08-17,227.18893432617188,1.6779185818753506,0.026152422056221702,-0.0038726326422173774,3840247.5362566053
2022-08-18,234.84368896484375,1.7312845011743656,0.0714125551875362,0.03369334277382574,4440094.6663713865
2022-08-19,231.75233459472656,1.7048202547196236,0.06278126690102992,-0.01316345516348949,2936955.9304771344
2022-08-22,236.1685333251953,1.7316300191530842,0.053864648118062464,0.019055681739696517,2328329.2788384417
2022-08-23,247.79786682128906,1.8118042065139492,0.1322869745673867,0.049241672175186046,2830871.1341047417
2022-08-24,249.51528930664062,1.820799736485786,0.15805061342448412,0.006930739587803547,3913360.305062331
2022-08-25,252.1159210205078,1.8368799782825271,0.15253482872660107,0.010422734899708574,2379534.141630802
2022-08-26,251.33082580566406,1.8275540804631036,0.1134782361509461,-0.003114024737770893,3288805.6269401507
2022-08-29,,,,,
2022-08-30,245.73696899414062,1.7750920452570451,0.07745265284434844,-0.012618368284488368,2619192.720345206
2022-08-31,235.48158264160156,1.69827965918322,0.03650111014440549,-0.04173318485418287,2231904.545954524
2022-09-01,235.87413024902344,1.6984391241819987,0.0043877750716729835,0.0016669991895685854,1620644.4461806822
2022-09-02,,,,,
2022-09-05,239.2108154296875,1.7120974818910757,0.01288182664158355,,629148.4697346186
2022-09-06,241.86053466796875,1.7232970641923728,-0.023960384443512117,0.011076920721672323,1580276.291344684
2022-09-07,249.8096923828125,1.7759452360035317,0.001179899945169538,0.03286670033106698,3619648.5036903364
2022-09-08,250.46678161621094,1.7772862833233465,-0.0065411950091114335,0.0026303592431933254,2003570.3550453037
2022-09-09,262.71734619140625,1.8600348847247188,0.04530490977078383,0.0489109353988777,3681016.6983817723
2022-09-12,257.31121826171875,1.8158396718174756,0.033887459367255124,-0.020577734999457475,2337225.336170214
2022-09-13,249.2268524169922,1.7500686709763915,0.014201702890437984,-0.031418629546511756,1483899.3319008541
2022-09-14,255.17852783203125,1.7880873944915578,0.0836453745956347,0.023880554431915835,1632905.0788208612
2022-09-15,255.87290954589844,1.7891203640227937,0.0847858104479764,0.0027211604352708196,1766370.5840467087
2022-09-16,,,,,
2022-09-19,268.56982421875,1.8779203848272323,0.12273278169436352,0.04395601918825376,2004709.678404435
2022-09-20,266.6355285644531,1.8454403947324578,0.10243504146096427,-0.0072022076937481305,1619802.2994000223
2022-09-21,266.7843322753906,1.843036026371295,0.0679502853979177,0.0005580790817287795,1670125.4769174994
2022-09-22,267.7266540527344,1.84619578479496,0.06891082452191477,0.0035321481186947334,719861.0456327352
2022-09-23,255.52572631835938,1.758660891220936,-0.027373981875590814,-0.045572331143285294,1393252.1842307488
2022-09-26,240.59690856933594,1.6495971295361482,-0.0649575630837137,-0.05842393235358079,2427558.7658789265
2022-09-27,227.2056121826172,1.5522622141631641,-0.08835821670423505,-0.05565863861820819,5472739.019619343
2022-09-28,,,,,
2022-09-29,,,,,
2022-09-30,,,,,
2022-10-03,247.93731689453125,1.6792273715975958,-0.07682362448661983,,3599622.8925478356
2022-10-04,248.185302734375,1.6725263776087012,-0.06919642678308036,0.0010001957065191025,2141478.2125371825
2022-10-05,245.556640625,1.6510076126840212,-0.0795687343006265,-0.010591530120493742,1289082.7049475736
2022-10-06,239.307373046875,1.605780515307173,-0.10615036110772003,-0.025449393517597896,1561885.1612240847
2022-10-07,,,,,
2022-10-10,,,,,
2022-10-11,229.58627319335938,1.5319410639138027,0.010478002668476094,,1752796.6640531512
2022-10-12,,,,,
2022-10-13,,,,,
2022-10-14,,,,,
2022-10-17,227.30479431152344,1.4953934387383216,-0.08321668896572176,0.015060897942362761,1453042.2506347545
2022-10-18,225.6184844970703,1.478022979835341,-0.09092729500367414,-0.007418716440015016,928103.9046599735
2022-10-19,226.5608367919922,1.4809710809172403,-0.077358135315172,0.004176751284463709,1629633.3259714653
2022-10-20,231.22300720214844,1.508156988178755,-0.03378235171694022,0.02057800666774834,2476743.735150797
2022-10-21,,,,,
2022-10-24,,,,,
2022-10-25,240.7952880859375,1.5550687423318694,0.04882267017391673,0.021030467751128157,2178811.177534171
2022-10-26,236.87710571289062,1.526107842412072,0.05921493394191657,-0.01627183988603842,2054186.3700908793
2022-10-27,238.36502075195312,1.5325938722711703,0.038012967545520304,0.006281379682449906,1633729.7698631089
2022-10-28,233.75245666503906,1.4999795470074664,0.04385382313345687,-0.019350842973365534,1379192.4862977904
2022-10-31,236.97628784179688,1.5158805808580822,0.04254856814422725,0.01379164618311357,1267414.173535968
2022-11-01,246.39979553222656,1.5688473539815542,0.09210819353511845,0.03976561442603366,1869560.521467367
2022-11-02,237.12509155273438,1.5062887191658572,0.046628777110500064,-0.037640875307784705,1061613.902792793
2022-11-03,239.4065704345703,1.517671990273234,0.03539251275833166,0.009621414869664058,1103464.9260655886
2022-11-04,240.8448944091797,1.5238343783942474,0.01675041023634538,0.006007871763914041,649443.5713662832
2022-11-07,235.83555603027344,1.4844004911848998,0.0,-0.02079902250448251,634987.8957025721
2022-11-08,234.09963989257812,1.4675733949571639,-0.027806392087580067,-0.007360705768524878,1256368.2586020327
2022-11-09,225.6680908203125,1.4116277804261532,-0.04731995884044671,-0.03601692457166794,1146193.1395389154
2022-11-10,229.3878936767578,1.4320244285344004,-0.037661260225497095,0.016483512768347808,1782756.9597257613
2022-11-11,237.0754852294922,1.4770911388911807,0.014216015574180396,0.03351350164785649,1197560.407221976
2022-11-14,234.5956268310547,1.4564679101454219,-0.010045988281880303,-0.01046020593836161,1505620.7852664425
2022-11-15,238.01783752441406,1.4698701790268003,-0.03401771494861583,0.014587700289161454,2261193.0626372355
2022-11-16,236.87710571289062,1.459728125721808,-0.0010458017674127573,-0.004792631608571907,1818515.7324490605
2022-11-17,239.2577667236328,1.4713599879984758,-0.0006215523269365031,0.010050194608624219,1635545.2202179271
2022-11-18,239.65455627441406,1.4707614998254885,-0.004942343235822655,0.0016584186846464455,1193813.0665828355
2022-11-21,,,,,
2022-11-22,239.45616149902344,1.4622052089646829,0.02288137482357211,,934660.6736698967
2022-11-23,242.23361206054688,1.4712830283509872,0.07340657325551891,0.011598993920792333,947677.4166601863
2022-11-24,244.71348571777344,1.4833841682214879,0.06681081462220373,0.010237529119644595,358688.98193815904
2022-11-25,250.26840209960938,1.5132664076331066,0.05564859165993585,0.02269967413337559,2556383.3329521916
2022-11-28,248.97886657714844,1.4991021878221895,0.06131077522792827,-0.005152610204254615,1415137.5848415762
2022-11-29,252.9466552734375,1.5167873568854426,0.0627214241768419,0.015936246922626296,1644688.1830090045
2022-11-30,258.4023742675781,1.5463259206890625,0.09087103833824028,0.021568654419418687,2092591.7265582778
2022-12-01,260.8822326660156,1.5577424761199585,0.09038145861890157,0.009596887046670721,2098711.8608577936
2022-12-02,265.69317626953125,1.5829211720729028,0.10865063614856507,0.01844105500919513,3500995.43299237
2022-12-05,,,,,
2022-12-06,256.9144287109375,1.517408429387428,0.0729079890975588,0.020689626743112477,1967888.2535369857
2022-12-07,265.7427673339844,1.5663208853181154,0.09705158203875253,0.034362953717091305,3357987.4734033844
2022-12-08,,,,,
2022-12-09,,,,,
2022-12-12,254.9305419921875,1.4957421223331482,0.023904339741199987,,3065741.1152172536
2022-12-13,253.3434295654297,1.4771362218542843,0.0015686085730735044,-0.006225666074983094,3045418.698958529
2022-12-14,250.76437377929688,1.4586083095197122,-0.02955855382494288,-0.010180077654102893,2560127.9580039885
2022-12-15,254.8313446044922,1.4796982391027267,-0.023193944638115083,0.01621829594013513,2650827.051835434
2022-12-16,254.28578186035156,1.474492371446078,-0.042934465120050724,-0.002140877704771227,1771092.6563280665
2022-12-19,261.3782043457031,1.5098669329250964,0.03842366180441381,0.027891541687716348,1455820.4137719644
2022-12-20,267.82586669921875,1.5414200615450577,0.04247109842381813,0.02466794188006527,1312641.6101042149
2022-12-21,295.60040283203125,1.698147026725151,0.11235540217176232,0.10370371045603544,8652476.301128384
2022-12-22,,,,,
2022-12-23,,,,,
2022-12-26,309.4876708984375,1.77534231396584,0.2140078175016078,0.01134526987561335,1195091.90374975
2022-12-27,312.95947265625,1.784623197676366,0.23531710766323077,0.01121790004666079,2009053.1976609447
2022-12-28,330.3681640625,1.8750352472063,0.317444575892045,0.05562602486032264,3893259.599628071
2022-12-29,325.7060241699219,1.8447245934322123,0.27812386924155597,-0.014111952662896776,2841992.6652420573
2022-12-30,329.3266296386719,1.86343430002354,0.29510437913328236,0.011116175938032713,1855282.0152558505
